name,amenity,longitude,latitude
Zespół Szkół Integracyjnych nr 1,school,19.3947207,51.7420046
Zespół Szkół Ogólnokształcących nr 1,school,19.5410487,51.7555866
Clark University,school,19.4503023,51.7608897
Szkoła językowa,school,19.4770755,51.7023678
LVI Liceum Ogólnokształcące Specjalne,school,19.4683088,51.8076764
Technikum Specjalne nr 23,school,19.4677028,51.8077051
Zaoczne Liceum Ogólnokształcące „Cosinus II”,school,19.4494211,51.7750273
Liceum Ogólnokształcące dla dorosłych Profesja,school,19.4558735,51.7743369
,,19.4787046,51.7502695
,,19.4876351,51.7952551
,,19.4226922,51.7748868
SP 5,school,19.4164848,51.8469667
,,19.5202784,51.7560164
,,19.45975,51.7752174
,,19.4318413,51.788085
,,19.4730193,51.8103514
,,19.48381,51.731618
,,19.3880778,51.7474948
,,19.3893818,51.7473397
,,19.3879155,51.7949155
XLVII Liceum Ogólnokształcące,school,19.527096,51.7573866
,,19.3900252,51.7848062
,,19.3890996,51.7848937
,,19.4043828,51.764301
,,19.404445,51.7646156
AP Edukacja - Liceum Ogólnokształcące dla Dorosłych,school,19.4582627,51.7617375
,,19.4458604,51.77188
,,19.4636172,51.7640671
,,19.4722156,51.7887079
,,19.4731348,51.7891466
,,19.4721743,51.7894164
,,19.4845635,51.765924
,,19.4844402,51.766486
Prywatne Gim. i Liceum Marcina Gortata,school,19.5006063,51.7305873
,,19.4420537,51.7632165
,,19.3905294,51.8000241
,,19.5003622,51.744784
,,19.4652622,51.7432948
,,19.4660928,51.7434588
,,19.4365867,51.7962548
,,19.4364501,51.7955684
,,19.4859956,51.7943947
,,19.4723098,51.7559381
,,19.5028446,51.7414157
,,19.5024386,51.7413034
,,19.5452901,51.760193
,,19.5440233,51.7608353
,,19.5455582,51.761212
,,19.544138,51.761467
,,19.4579704,51.7970704
,,19.4317713,51.826197
,,19.4306603,51.8266377
,,19.4976111,51.7430037
,,19.4746508,51.7450148
,,19.3983923,51.7923819
,,19.3995921,51.7931781
,,19.3986153,51.7933557
,,19.3983903,51.7907974
,,19.3995134,51.792698
,,19.4041534,51.7931491
,,19.4041898,51.7932415
,,19.4052327,51.7908975
,,19.4064652,51.7917726
,,19.4052227,51.7918777
,,19.3860295,51.7928221
,,19.4046329,51.7930223
,,19.3740826,51.7920247
,,19.374341,51.7928186
,,19.3786887,51.794001
,,19.3780651,51.7950605
,,19.3797712,51.7985685
,,19.3801756,51.7986075
,,19.3726365,51.797319
,,19.3726153,51.7975184
,,19.3726261,51.7975416
,,19.4351344,51.7949873
,,19.4355287,51.7949562
,,19.4120645,51.7450626
,,19.4101561,51.7443281
,,19.4773703,51.7500137
,,19.4268553,51.7495246
,,19.4275108,51.7500333
,,19.4268404,51.7505137
,,19.4148865,51.7901564
,,19.4276561,51.7813631
,,19.4618551,51.7562811
,,19.4320329,51.7834816
,,19.4227996,51.7876069
,,19.4234051,51.7879759
,,19.3953118,51.7994935
,,19.3967367,51.7448945
,,19.4659332,51.7741215
,,19.4659809,51.7741998
,,19.4696871,51.7759224
,,19.4741197,51.7763068
,,19.4694094,51.7754598
,,19.4586054,51.7771939
,,19.4581251,51.7771536
,,19.4583673,51.7771739
,,19.4600104,51.7752391
,,19.4710599,51.7796176
,,19.4776377,51.7784828
,,19.4774876,51.7778212
,,19.4742525,51.7763178
,,19.4816441,51.7766205
,,19.4814604,51.7774516
,,19.48157,51.7769088
,,19.49082,51.7779554
,,19.5106927,51.7632974
,,19.473628,51.7510051
,,19.4620777,51.7966827
,,19.4609673,51.7962803
,,19.4107341,51.7440096
,,19.4821362,51.7154671
,,19.4912978,51.7426307
,,19.4925509,51.7428234
,,19.4396898,51.7974944
,,19.4402483,51.7974411
,,19.4403469,51.7970738
,,19.4584944,51.7456704
Bartolini Air,school,19.410115,51.721506
,,19.4511688,51.7733886
,,19.4524938,51.7555638
,,19.4614604,51.7562431
Nauka jazdy,school,19.4672276,51.7862239
,,19.4475791,51.7720331
,,19.4645432,51.7563155
,,19.4639855,51.7558725
,,19.4640746,51.7554728
,,19.3739052,51.8112807
,,19.3732509,51.810726
,,19.4312427,51.7929003
,,19.4293461,51.791967
,,19.4294275,51.7922416
,,19.4295759,51.7927317
Szkoła Językowa WONDERLAND,school,19.449066,51.7914256
Grupa Szkół Pro Europa,school,19.4363417,51.7874703
,,19.4354716,51.7963762
,,19.4352249,51.7957588
,,19.4351914,51.7956428
,,19.4351088,51.7953721
,,19.4339823,51.7698605
,,19.433155,51.7696033
,,19.4490257,51.7751807
,,19.4569721,51.782683
,,19.4763513,51.7781236
,,19.4764597,51.7776337
,,19.4576887,51.7905144
,,19.4784708,51.7630034
,,19.4816841,51.766418
,,19.4839132,51.7548613
,,19.4845808,51.7547055
,,19.4850084,51.7548183
,,19.4524853,51.7408607
,,19.4540935,51.7404629
,,19.4284391,51.7814753
,,19.3871008,51.7412618
,,19.4584633,51.7900686
,,19.502793,51.7360837
,,19.4470165,51.788817
,,19.4244289,51.8175766
,,19.4253206,51.817116
,,19.4248031,51.8170117
,,19.466589,51.7458686
,,19.4670723,51.7895954
,,19.4658977,51.7922762
,,19.4667977,51.7913863
,,19.4656236,51.78984
,,19.4745365,51.7894614
,,19.4733323,51.7892802
,,19.4736414,51.7931149
,,19.4736181,51.7928543
,,19.4706271,51.7469885
,,19.4459389,51.7113867
,,19.4811118,51.805659
,,19.4811636,51.8062183
,,19.4811364,51.8059239
,,19.4754765,51.7930885
,,19.4754907,51.7935514
,,19.3992514,51.790629
,,19.4483147,51.7371739
,,19.4471883,51.7366605
,,19.4632857,51.7573619
,,19.4623695,51.7563232
,,19.4461374,51.7118103
,,19.464156,51.7550739
,,19.4694488,51.7573089
,,19.504079,51.7659075
,,19.5041622,51.7656476
,,19.5042554,51.7653219
,,19.5044041,51.7647953
,,19.5043167,51.7651011
,,19.4343481,51.7964079
,,19.4729563,51.8097622
,,19.4484743,51.7559168
,,19.4573825,51.7385722
,,19.4350848,51.7962549
,,19.5241053,51.7915384
,,19.439717,51.7804784
,,19.4405686,51.7806301
,,19.4914717,51.7203635
,,19.4910494,51.7203044
,,19.4906001,51.7202414
Bernardyńskie Liceum Ogólnokształcące im. o. Anastazego Pankiewicza,school,19.48138,51.788047
,,19.4242173,51.7522315
,,19.4358651,51.7949289
,,19.4693646,51.7756751
,,19.462993,51.7634498
Szkoła Europejska,school,19.468224,51.7300318
,,19.4421295,51.7706384
,,19.468241,51.8075483
,,19.4685391,51.80753
,,19.467424,51.8075986
,,19.4614852,51.7897394
,,19.4753807,51.7356532
PROEUROPA - Szkoła języków obcych,school,19.4482065,51.7327701
,,19.3883929,51.8001302
,,19.545668,51.7608067
,,19.545507,51.7604614
,,19.537139,51.7560582
,,19.429164,51.7271037
,,19.4159732,51.7554567
,,19.4931543,51.7314424
,,19.4841683,51.7289878
,,19.4857802,51.731723
,,19.4674416,51.7335905
,,19.4661556,51.7330904
,,19.5449854,51.7570718
,,19.5457519,51.7563659
,,19.5021864,51.7355982
,,19.4905689,51.7356211
,,19.4915382,51.73438
,,19.4931169,51.730603
,,19.4919101,51.7307537
,,19.49629,51.7303974
,,19.4963814,51.7301227
,,19.4848633,51.7340578
,,19.4859112,51.7341056
,,19.4858336,51.7346942
,,19.4848212,51.7343912
,,19.4845305,51.7346191
,,19.4835915,51.7343591
,,19.4856939,51.7357742
,,19.4842064,51.7289926
,,19.4826246,51.7316453
,,19.4832169,51.7322153
,,19.4903718,51.7611185
,,19.5036466,51.7405834
,,19.5028165,51.7414093
,,19.4989061,51.7391528
,,19.5011703,51.7446463
,,19.5003215,51.7447785
,,19.4974884,51.7435295
,,19.4977968,51.7426992
,,19.4911739,51.7422396
,,19.4344895,51.7844764
,,19.3905281,51.7952979
,,19.3878815,51.7949156
,,19.3874691,51.7949172
,,19.3880794,51.7947862
,,19.3735735,51.7927483
,,19.3785736,51.794904
,,19.4270051,51.8178749
,,19.4223036,51.8199283
,,19.4238802,51.8207177
,,19.4245722,51.820094
,,19.4233865,51.8198127
,,19.4238944,51.8206917
,,19.4572934,51.7392649
,,19.4632266,51.7575499
,,19.4121292,51.7749548
,,19.4123012,51.774955
,,19.4134775,51.7750953
,,19.4137861,51.7757695
,,19.4613245,51.7544131
,,19.4694008,51.7565742
,,19.4696568,51.756679
,,19.5054889,51.7724227
,,19.505677,51.7718343
,,19.5056084,51.772053
,,19.4915821,51.7163061
,,19.4929045,51.7167676
,,19.4921237,51.7166883
,,19.4922219,51.7166983
,,19.4750151,51.7518415
,,19.4928883,51.7145922
,,19.4920484,51.7142007
,,19.4739481,51.8464765
,,19.4744538,51.8473986
,,19.4739008,51.8464786
,,19.3881635,51.7403753
,,19.3883568,51.741983
,,19.3903877,51.7483468
,,19.3903043,51.7478511
,,19.3891575,51.7476504
,,19.3884761,51.7419406
,,19.4123843,51.7450392
,,19.4003015,51.752007
,,19.4001149,51.751816
,,19.4039446,51.7499453
,,19.4049717,51.7504657
,,19.4045463,51.749679
,,19.4043714,51.7500152
,,19.4119181,51.7501583
,,19.4119471,51.750174
,,19.412792,51.7512709
,,19.4126806,51.7505493
,,19.4126908,51.7505944
,,19.4126858,51.7505723
,,19.4129178,51.7507969
,,19.4111623,51.7502108
,,19.4164416,51.7562641
,,19.4163328,51.7556303
,,19.4235272,51.7523178
,,19.4238371,51.751385
,,19.4235919,51.7509394
,,19.4237265,51.7515876
,,19.4236472,51.7518154
,,19.47278,51.7567427
,,19.4422238,51.7702183
,,19.4420064,51.7707815
,,19.442198,51.7699158
,,19.4490585,51.7752894
,,19.4583677,51.7974551
,,19.4606274,51.7261131
,,19.4603449,51.7257116
,,19.4624388,51.7280244
,,19.4624767,51.7282507
,,19.4676691,51.7262695
,,19.4672811,51.7267119
,,19.4682353,51.7265251
,,19.4559356,51.7386301
Szkoła Mistrzostwa Sportowego Liceum Ogólnokształcące Marcina Gortata,school,19.4041015,51.7646248
,,19.4626023,51.789218
,,19.466838,51.7285787
,,19.4661302,51.7285804
,,19.4665051,51.7337902
,,19.4321314,51.7157331
,,19.4315102,51.7159553
,,19.4318029,51.7158139
,,19.4538167,51.7937181
,,19.4552782,51.8043335
,,19.4538458,51.8039998
,,19.495228,51.7492812
,,19.4944863,51.7491891
,,19.4942375,51.7496568
,,19.4942701,51.7494801
,,19.4657482,51.7465468
,,19.466813,51.7465057
,,19.523244,51.7919783
,,19.5223961,51.7913843
,,19.5232822,51.7919749
,,19.4612725,51.7738607
,,19.3537561,51.7483438
,,19.3541353,51.7483761
,,19.445816,51.7708558
,,19.4868393,51.7400152
,,19.4868402,51.7400003
Szkoła Specjalna Przysposabiająca do Pracy nr 1,school,19.4372485,51.7589684
Niepubliczne Liceum Ogólnokształcące British International School of the University of Łódź,school,19.4724191,51.7565747
XXXII Liceum Ogólnokształcące,school,19.5411144,51.755751
,,19.427617,51.7786285
,,19.4420816,51.7630732
,,19.4335706,51.7697327
,,19.4164273,51.7558264
,,19.4511489,51.7734753
,,19.475392,51.7933201
,,19.4446905,51.730653
,,19.3733813,51.8108695
,,19.4370824,51.7589799
Katolickie Liceum Ogólnokształcące im. Jana Pawła II,school,19.3691104,51.797695
Liceum Ogólnokształcące z Oddziałami Dwujęzycznymi im. św. Ignacego Loyoli,school,19.4460402,51.7711179
Salezjańska Szkoła Branżowa I Stopnia im. św. Józefa Rzemieślnika,school,19.4767033,51.7626682
Technikum Salezjańskie im. św. Józefa Rzemieślnika,school,19.4766819,51.7627889
Salezjańskie Liceum Ogólnokształcące,school,19.4765821,51.7632184
,,19.4779959,51.7619331
,,19.3915265,51.7485174
,,19.5269779,51.758199
,,19.4423892,51.7515423
,,19.4286449,51.7819553
,,19.4426058,51.8243617
,,19.5237038,51.7919556
,,19.4455692,51.7112388
,,19.4248585,51.7046642
,,19.425285,51.7043475
,,19.4914078,51.7357744
,,19.4991776,51.7340088
,,19.4991452,51.7338061
,,19.4779848,51.7787286
,,19.47639,51.7778844
,,19.4466412,51.732635
,,19.4466401,51.7325362
,,19.4466011,51.7319545
,,19.4692682,51.721534
,,19.4679329,51.7215836
,,19.4686886,51.7218715
,,19.4683221,51.7217319
,,19.4323091,51.783476
,,19.433244,51.7849328
,,19.4042743,51.7649013
,,19.4672102,51.8084975
,,19.4545677,51.804346
,,19.4619571,51.7892149
,,19.4616872,51.789246
,,19.4748608,51.7360318
,,19.4752598,51.7363622
,,19.4236079,51.7879523
,,19.4313325,51.7880318
,,19.4694118,51.7573011
,,19.4697552,51.7569234
,,19.5094329,51.7625187
Wzrastasz?,,19.4455931,51.7722425
,,19.4461423,51.7719021
,,19.4231274,51.7744779
,,19.4227503,51.7745491
,,19.4232002,51.7751814
,,19.463889,51.7640915
,,19.4846083,51.7459212
,,19.4835933,51.7464124
,,19.4633637,51.7640738
,,19.4504203,51.8120572
,,19.4507218,51.8121281
,,19.4493094,51.8133338
,,19.3847318,51.7795511
,,19.4446711,51.7303939
,,19.4460789,51.7300767
,,19.4466703,51.7328593
,,19.4458491,51.731876
,,19.4276441,51.7783203
,,19.533212,51.7812991
,,19.4857071,51.7355176
,,19.484534,51.7345932
,,19.3957512,51.7994727
,,19.3948222,51.7993108
,,19.4492123,51.7753948
,,19.4415807,51.785054
Szkoła Mistrzostwa Sportowego im. Kazimierza Górskiego,school,19.47675740683019,51.75100558930557
,school,19.404279102409607,51.79307244741318
,school,19.423058209519354,51.82036187317532
Zespół Szkół Ogólnokształcących nr 4,school,19.42573734123252,51.81791164728391
XII Liceum Ogólnokształcące,school,19.47149637900764,51.779430496527155
Wydział Farmaceutyczny UM,school,19.490558217209614,51.774772556339045
,school,19.46771102467247,51.72622311193106
,school,19.465997305851875,51.79187858292611
,school,19.473358490441793,51.792786132992426
,school,19.453508556436503,51.79399549778982
,school,19.453820583145713,51.793803867368965
,school,19.431871705953625,51.715886188884404
XI Liceum Ogólnokształcące,school,19.485172771681174,51.766214465722555
XXXIII Liceum Ogólnokształcące,school,19.388449209334226,51.74720268690446
Liceum Ogólnokształcące Związku Nauczycielstwa Polskiego,school,19.44080555408191,51.70047532588463
XX Liceum Ogólnokształcące,school,19.44405610147279,51.73060386243165
Zespół Szkół Społecznych nr 4 ŁSSO,school,19.38744253248404,51.79466694115812
Szkoła Marcina Gortata w Łodzi,school,19.40293150387821,51.76414654254306
,school,19.545302403907275,51.71092161085156
IX Liceum Ogólnokształcące im. Jarosława Dąbrowskiego,school,19.466300770143214,51.72818878858117
,school,19.423820067379953,51.75199848961066
Centrum Kształcenia Zawodowego i Ustawicznego,school,19.44641295618222,51.75542438169962
„Cosinus” Zaoczne Liceum Ogólnokształcące,school,19.45145906471971,51.773577761914886
Szkoła Policealna Techniki Dentystycznej,school,19.509956456262827,51.762513510870036
Zespół Szkół Edukacji Technicznej,school,19.38977343978419,51.80062930765542
,school,19.446051931203385,51.71140082724233
,school,19.44863756332439,51.794737581443144
Zespół Szkół Elektroniczno-Informatycznych „Elektronik”,school,19.486864192201896,51.79471059432587
,school,19.45409665,51.7938799
,school,19.45365617956244,51.79386422024973
,school,19.453983753248068,51.79385932962211
,school,19.54499983018255,51.7609434952671
ANAGRA Łódzka Szkoła Mody-Kosmetologii-Fryzjerstwa-Hotelarstwa,school,19.403940645782907,51.79302266512506
Zespół Szkół Muzycznych,school,19.386591818120788,51.7922987721242
Zespół Szkół Specjalnych nr 5,school,19.40573742889956,51.79132910466134
Navicula – Klinika Zaburzeń Rozwoju,school,19.38941497722058,51.784281155800166
Zespół Szkół Ekonomiczno-Turystyczno-Hotelarskich,school,19.427838435510782,51.78176161919964
Zespół Państwowych Szkół Plastycznych,school,19.43208390750949,51.78324032101803
XV Liceum Ogólnokształcące,school,19.395911046324482,51.79914272925314
Leader School,school,19.477151701073748,51.777899381736425
,school,19.41266722470643,51.77549156878822
XLIV Liceum Ogólnokształcące,school,19.494767008203116,51.749831604950124
Zespół Szkół Społecznych Społecznego Towarzystwa Oświatowego,school,19.458017086545155,51.74544224831289
XXIII Liceum Ogólnokształcące im. ks. prof. Józefa Tischnera,school,19.510261394911076,51.7629200285044
Technikum nr 3 (Druga lokalizacja),school,19.462637396412486,51.75726223627013
Zespół Szkół Specjalnych nr 4,school,19.50608429085469,51.772308888047924
T.O. Edukacja,school,19.44273460141098,51.751493691271726
Zespół Szkół British International School of the University of Łódź,school,19.4721732684747,51.756356971177716
Zespół Szkół Gastronomicznych,school,19.46457904906059,51.755618694833224
,,19.46975080633187,51.75701014934734
III Liceum Ogólnokształcące,school,19.46270505289602,51.76371122042542
Zespół Szkół Samochodowych,school,19.430302894969607,51.792485766280386
Zespół Szkół Specjalnych nr 2,school,19.437447488282462,51.7588452194864
IV Liceum Ogólnokształcące,school,19.458275938177056,51.77767308578142
,school,19.446426118027777,51.77111410011074
Zespół Szkół Ekonomiczno-turystyczno-hotelarskich im. Władysława Grabskiego,school,19.43306001728162,51.77001531957264
I Liceum Ogólnokształcące im. Mikołaja Kopernika w Łodzi,school,19.445885777886083,51.77207709411689
XIII Liceum Ogólnokształcące,school,19.457245663200638,51.78288566780217
Salezjańskie Szkoły Rzemiosł w Łodzi,school,19.47740195694845,51.76291226317302
II Liceum Ogólnokształcące,school,19.48134440228659,51.7659865321342
Zespół Szkół Politechnicznych,school,19.453385622510574,51.74104765914988
Zespół Szkół Budowlano-Technicznych,school,19.480739028436897,51.77695165517623
XXXI Liceum Ogólnokształcące,school,19.495640927068283,51.73004923242883
VI Liceum Ogólnokształcące,school,19.49035679997048,51.735935337319496
XXXIV Liceum Ogólnokształcące im. K.Kieślowskiego w Łodzi,school,19.423083706151353,51.7748397097038
Publiczne Liceum Ogólnokształcące Uniwersytetu Łódzkiego im. Sprawiedliwych wśród Narodów Świata,school,19.491054620703956,51.77734964084032
XXIX Liceum Ogólnokształcące,school,19.4922781175904,51.77298785627369
Ogólnokształcąca Szkoła Muzyczna I i II stopnia im. Henryka Wieniawskiego,school,19.46627983557994,51.74622716098445
Publiczne Liceum Ogólnokształcące Politechniki Łódzkiej,school,19.456604899770376,51.73893841492331
Zespół Szkół Samochodowych i Mechatronicznych,school,19.47531411203847,51.74435636050292
,school,19.447649525563783,51.73707612613119
,school,19.45276529509985,51.75612618521598
Zespół Szkół Geodezyjno-Technicznych,school,19.473551102966045,51.810029189558406
Szkoły Bernardyńskie,school,19.481248252408303,51.78803585597579
XXVI Liceum Ogólnokształcące,school,19.423325532813944,51.75167661062787
VIII Liceum Ogólnokształcące im. Adama Asnyka,school,19.478005634029177,51.778409924776746
Zespół Szkół Ekonomii i Usług,school,19.461425119262497,51.725928890260526
XXIV Liceum Ogólnokształcące,school,19.466630496407554,51.791843983952994
Zespół Szkół Przemysłu Spożywczego,school,19.46158395663423,51.79616666400265
Specjalny Ośrodek Szkolno-Wychowawczy nr 6,school,19.4679030965982,51.80806250523111
Zespół Szkół Zawodowych Specjalnych nr 2,school,19.46219665016537,51.78974016627228
Zespół Szkół Przemysłu Mody,school,19.484173187842966,51.73177220600578
XXI Liceum Ogólnokształcące im. B. Prusa,school,19.452497535725996,51.7630519722384
Zespół Szkół Samochodowych,school,19.431816528391412,51.789104707832415
XXX Liceum Ogólnokształcące,school,19.431413587951617,51.78835163682057
Ambitio Edukacja,school,19.420094356018375,51.805187748444446
Zespół Szkół Specjalnych nr 3,school,19.472723774559253,51.78922390039244
,,19.4693889,51.756611500000005
,school,19.388616357230173,51.747250449497336
Boiska szkolne,school,19.391866497687843,51.74818654227354
,school,19.394671767179954,51.742047015904014
Liceum Ogólnokształcące Jolanty i Jana Misiaków,school,19.397351723543625,51.74487214559233
Centrum Zajęć Pozaszkolnych nr 3,school,19.411608323029512,51.74468307427492
Społeczne Liceum Ogólnokształcące „Lykeion”,school,19.41438105229414,51.750102048429824
,,19.468801850038485,51.757185255748645
,,19.469502995598397,51.75731937276758
,,19.469412300000002,51.75654325
,school,19.384978491837284,51.77969620425641
Zespół Szkół Specjalnych Nr 7,school,19.48407409376473,51.734200934432025
Szkoła Mistrzów Kokoro,school,19.484962752827677,51.735283203931715
,school,19.454187561063534,51.79409918630621
XXX Liceum Ogólnokształcące,school,19.449934013365045,51.812625168146106
,school,19.485379806630338,51.73966307121049
XXV Liceum Ogólnokształcące,school,19.50425759247007,51.74027039493467
Zespół Szkół Katolickich im. Jana Pawła II,school,19.369135092545314,51.79772138298829
,school,19.52753675919464,51.757295389166444
XLIII Liceum Ogólnokształcące im. Juliana Tuwima,school,19.481827603410217,51.71501450367087
Państwowa Szkoła Muzyczna 1st.,school,19.503632208336374,51.765664369642046
Katolickie Szkoły SPSK w Łodzi,school,19.503283982670986,51.73563778804632
Szkoła Mistrzostwa Sportowego im. Kazimierza Górskiego,school,19.476722910452335,51.75098862687848
,school,19.404279118467816,51.79307244401204
,school,19.42302028129469,51.820327520255056
Zespół Szkół Ogólnokształcących nr 4,school,19.425822840398386,51.81791126954482
XII Liceum Ogólnokształcące,school,19.47149585566081,51.779431163475195
Wydział Farmaceutyczny UM,school,19.49059455622197,51.77477332800254
,school,19.4677164808493,51.72621827668971
,school,19.465997319573756,51.79186713498129
,school,19.473415529427427,51.79280668525179
,school,19.453513502871985,51.793999186406346
,school,19.453818920673722,51.793800048059616
,school,19.431869419296596,51.715883637782426
XI Liceum Ogólnokształcące,school,19.485199577215678,51.7662469232763
XXXIII Liceum Ogólnokształcące,school,19.38844833406703,51.74720244224036
Liceum Ogólnokształcące Związku Nauczycielstwa Polskiego,school,19.440805333973863,51.700472892029204
XX Liceum Ogólnokształcące,school,19.444051362864514,51.730610334469254
Zespół Szkół Społecznych nr 4 ŁSSO,school,19.387445195787183,51.7946688482193
Szkoła Marcina Gortata w Łodzi,school,19.402933696899623,51.76413433924704
,school,19.545302261908304,51.710921678760336
IX Liceum Ogólnokształcące im. Jarosława Dąbrowskiego,school,19.46628634958296,51.728180390752975
,school,19.42384980992347,51.75200270884317
Centrum Kształcenia Zawodowego i Ustawicznego,school,19.446387574309185,51.75541751360726
„Cosinus” Zaoczne Liceum Ogólnokształcące,school,19.451472027431183,51.77357473829275
Szkoła Policealna Techniki Dentystycznej,school,19.509952486622097,51.762512278573496
Zespół Szkół Edukacji Technicznej,school,19.38979434138455,51.80066369029232
,school,19.44605171535626,51.71140084739818
,school,19.44863353116255,51.79473470735541
Zespół Szkół Elektroniczno-Informatycznych „Elektronik”,school,19.486887131048274,51.794727930370904
,school,19.454096650000004,51.79387990000001
,school,19.453656188723055,51.79386422439901
,school,19.453983750967602,51.793859337769085
,school,19.544867662654923,51.76091489412681
ANAGRA Łódzka Szkoła Mody-Kosmetologii-Fryzjerstwa-Hotelarstwa,school,19.403915891989172,51.7930188635579
Zespół Szkół Muzycznych,school,19.38653272474091,51.79229802087849
Zespół Szkół Specjalnych nr 5,school,19.405750042834843,51.7913219809403
Navicula – Klinika Zaburzeń Rozwoju,school,19.38940980754456,51.78427378419311
Zespół Szkół Ekonomiczno-Turystyczno-Hotelarskich,school,19.427822841679337,51.78176452703813
Zespół Państwowych Szkół Plastycznych,school,19.43204507960815,51.78323535811172
XV Liceum Ogólnokształcące,school,19.395873021561993,51.79914261732803
Leader School,school,19.477151791002516,51.77789931400143
,school,19.412701217937915,51.77549552250129
XLIV Liceum Ogólnokształcące,school,19.494727196296818,51.7498252127089
Zespół Szkół Społecznych Społecznego Towarzystwa Oświatowego,school,19.458012269738038,51.7454481097872
XXIII Liceum Ogólnokształcące im. ks. prof. Józefa Tischnera,school,19.510244796066633,51.76290450578887
Technikum nr 3 (Druga lokalizacja),school,19.462641020108936,51.75726183084715
Zespół Szkół Specjalnych nr 4,school,19.50609512465022,51.77230184909827
T.O. Edukacja,school,19.442732972586583,51.751493014006705
Zespół Szkół British International School of the University of Łódź,school,19.47211654456739,51.75632513894972
Zespół Szkół Gastronomicznych,school,19.464570787098097,51.75564706329039
III Liceum Ogólnokształcące,school,19.462718212486344,51.763712567959956
Zespół Szkół Samochodowych,school,19.430293209476893,51.79245858542202
Zespół Szkół Specjalnych nr 2,school,19.437437242867215,51.75882906936435
IV Liceum Ogólnokształcące,school,19.45826496062078,51.77766100389653
,school,19.44642256890011,51.771116850156844
Zespół Szkół Ekonomiczno-turystyczno-hotelarskich im. Władysława Grabskiego,school,19.4331253718276,51.77001895600464
I Liceum Ogólnokształcące im. Mikołaja Kopernika w Łodzi,school,19.445884926372702,51.77207574555399
XIII Liceum Ogólnokształcące,school,19.45722340230187,51.782871926789014
Salezjańskie Szkoły Rzemiosł w Łodzi,school,19.477383693822766,51.76288134087605
II Liceum Ogólnokształcące,school,19.48135233907107,51.76598760778465
Zespół Szkół Politechnicznych,school,19.453449920571064,51.74104223115643
Zespół Szkół Budowlano-Technicznych,school,19.480747024544666,51.77696859524754
XXXI Liceum Ogólnokształcące,school,19.495640752068937,51.73004926553652
VI Liceum Ogólnokształcące,school,19.49032204502327,51.735931488250735
XXXIV Liceum Ogólnokształcące im. K.Kieślowskiego w Łodzi,school,19.423125818196095,51.77484118641358
Publiczne Liceum Ogólnokształcące Uniwersytetu Łódzkiego im. Sprawiedliwych wśród Narodów Świata,school,19.491027137631296,51.77739474959796
XXIX Liceum Ogólnokształcące,school,19.492277864545112,51.7729880904432
Ogólnokształcąca Szkoła Muzyczna I i II stopnia im. Henryka Wieniawskiego,school,19.466257172327737,51.74623936066963
Publiczne Liceum Ogólnokształcące Politechniki Łódzkiej,school,19.456625140878266,51.738929112182774
Zespół Szkół Samochodowych i Mechatronicznych,school,19.475373759376204,51.7442734550748
,school,19.447620491474186,51.73704841311761
,school,19.452812804229158,51.756129102691034
Zespół Szkół Geodezyjno-Technicznych,school,19.473556209404133,51.81003359530075
Szkoły Bernardyńskie,school,19.481248278040592,51.788037959439976
XXVI Liceum Ogólnokształcące,school,19.423297696371243,51.75167156594459
VIII Liceum Ogólnokształcące im. Adama Asnyka,school,19.47800393280641,51.77840778955528
Zespół Szkół Ekonomii i Usług,school,19.461384233857427,51.725937308334494
XXIV Liceum Ogólnokształcące,school,19.466672215112556,51.791859811452895
Zespół Szkół Przemysłu Spożywczego,school,19.46163411341396,51.796175864812376
Specjalny Ośrodek Szkolno-Wychowawczy nr 6,school,19.467837957077002,51.80808143789957
Zespół Szkół Zawodowych Specjalnych nr 2,school,19.462134856940523,51.78977928700868
Zespół Szkół Przemysłu Mody,school,19.4843198706425,51.73176674850863
XXI Liceum Ogólnokształcące im. B. Prusa,school,19.452548252089393,51.76306346462754
Zespół Szkół Samochodowych,school,19.431792594675645,51.789077695699504
XXX Liceum Ogólnokształcące,school,19.431402589314203,51.788325255484075
Ambitio Edukacja,school,19.42007543723637,51.80519412839
Zespół Szkół Specjalnych nr 3,school,19.4726845208395,51.789219140469164
,school,19.388649899917624,51.74725902207932
Boiska szkolne,school,19.391881028887244,51.74817360112293
,school,19.394683703989667,51.74203422261896
Liceum Ogólnokształcące Jolanty i Jana Misiaków,school,19.39735200816001,51.7448718571617
Centrum Zajęć Pozaszkolnych nr 3,school,19.411612032588803,51.74468064188693
Społeczne Liceum Ogólnokształcące „Lykeion”,school,19.414370775178394,51.750104235399036
Technikum nr 3,school,19.469016630491964,51.75685089820986
,school,19.384957270117418,51.77967851932421
Zespół Szkół Specjalnych Nr 7,school,19.484078974578892,51.734210657055286
Szkoła Mistrzów Kokoro,school,19.48499049239852,51.73527247381822
,school,19.454097562173033,51.79407794128866
XXX Liceum Ogólnokształcące,school,19.44988079884205,51.81262920346116
,school,19.48555408913959,51.739682171051854
XXV Liceum Ogólnokształcące,school,19.504269800867807,51.74026789981603
Zespół Szkół Katolickich im. Jana Pawła II,school,19.369142047580112,51.797711837390864
,school,19.527489974392918,51.75723255351766
XLIII Liceum Ogólnokształcące im. Juliana Tuwima,school,19.481868060515133,51.715019444226805
Państwowa Szkoła Muzyczna 1st.,school,19.503681501217265,51.76567955368313
Katolickie Szkoły SPSK w Łodzi,school,19.503215909675948,51.73564922477115
