name,amenity,leisure,tourism,longitude,latitude
Marabut,,,artwork,16.9073128,52.4083273
,,,,16.9258359,52.4202863
Kino Muza,cinema,,,16.9265909,52.4065954
Ośrodek Kultury Wierzbak,arts_centre,,,16.9089705,52.4246343
D,,,,16.8916434,52.3980753
A,,,,16.8921757,52.3981578
B,,,,16.8926577,52.3974347
F,,,,16.8921671,52.3972658
Teatr Ósmego Dnia,theatre,,,16.9253898,52.4082052
Pręgierz,,,attraction,16.9342987,52.408389
Galeria Miejska Arsenał,,,gallery,16.933301,52.4079984
Filharmonia Poznańska,theatre,,,16.9159902,52.4078848
Van Diesel,nightclub,,,16.9332879,52.4089306
Club Havana,nightclub,,,16.9332229,52.4074772
Czekolada,nightclub,,,16.9326987,52.406101
Cuba Libre,nightclub,,,16.9331346,52.406398
Pracownia Portret,arts_centre,,,16.9214556,52.4087622
Balzac,nightclub,,,16.9180052,52.4078207
Blueberry Bar,nightclub,,,16.9242015,52.4068917
Blue Note,nightclub,,,16.9193975,52.4081069
Rozbrat,arts_centre,,,16.91858,52.4174816
,,,,16.9218415,52.4173485
Climbing Spot,,sports_centre,,16.9245281,52.4181957
,,,,16.99431,52.4005323
Multikino,cinema,,,16.9600588,52.4017726
Tama,nightclub,,,16.9223458,52.4025325
Charlie Monroe Kino Malta,cinema,,,16.9318235,52.4026658
Blok Line,,sports_centre,,16.9807459,52.3738941
Cinema City,cinema,,,16.9189495,52.4420945
,,,,16.8591631,52.3962566
,,,,16.8527037,52.3966353
,,,,16.8613743,52.3975739
,,,,16.8617467,52.398736
,,,,16.8611744,52.3989092
,,,,16.8591343,52.399774
,,,,16.8583335,52.4001148
,,,,16.8528002,52.4009031
,,,,16.8536266,52.4015632
,,,,16.854101,52.4329736
,,,,16.8787962,52.4190684
Siłownia Słodkiewicz,,sports_centre,,16.9444461,52.3947307
Planet VR,,amusement_arcade,,16.9421862,52.4086754
Pole Dance School,,sports_centre,,16.942979,52.370435
Dom Kultury Stokrotka,arts_centre,,,16.8211735,52.3833534
Climbing Spot Widłakowa,,sports_centre,,16.9464659,52.4726126
Poznańska Wenecja,,,artwork,16.940172,52.4078643
,,,,16.7994081,52.4146047
MiG-21,,,attraction,17.0378171,52.4344761
,,,,16.9139562,52.3869282
,,,,16.8813559,52.4189955
,,,,16.8811789,52.4188469
,,,,16.9811154,52.3737653
K,,,,16.8927605,52.3978814
Bułgarska 19,cinema,,,16.8622564,52.3992108
FitSwim,,sports_centre,,16.9249217,52.3959925
,,,,16.9291616,52.3994873
,,,,16.9268248,52.394221
Puchatek,,sports_centre,,16.9871617,52.3996202
,,,,16.9325096,52.3950541
,,,,16.7975836,52.4175337
,,,,16.8131119,52.414427
,,,,16.8144263,52.4201094
Mój Teatr,theatre,,,16.8931406,52.409509
Centrum treningowe Ankos MMA Poznań,,sports_centre,,16.8794933,52.3500796
"Piątkowskie Centrum Kultury ""Dąbrówka""",arts_centre,,,16.9167935,52.4496196
,,,,16.9140372,52.3869218
,,,,16.9918785,52.4483219
,,,,16.9914246,52.4484119
Stacja Podolany,,sports_centre,,16.8938265,52.447708
,,,,16.9454636,52.4260799
SU-22M4,,,attraction,16.9505305,52.4015039
,,,,16.9288085,52.4186903
,,,,16.9748623,52.4055069
Muzeum Powstania Poznańskiego – Czerwiec 1956,,,museum,16.9189184,52.4076825
,,,,16.9130866,52.386044
Niebieskookie kobiety,,,artwork,16.937238,52.4100755
,,,,16.9367883,52.4101363
,,,,16.9057207,52.4086648
,,,,16.9030673,52.4089387
,,,,16.9053608,52.4075654
,,,,16.9025355,52.4077597
,,,,16.9326506,52.3983728
,,,,16.9250417,52.4180371
Game World,,amusement_arcade,,16.9293799,52.4026408
Fitness Point,,sports_centre,,16.9277107,52.4067302
Pacha Poznań,nightclub,,,16.9312187,52.4079913
Chorągiew Wielkopolska ZHP,community_centre,,,16.9187146,52.4080516
Harcówka,community_centre,,,16.9857544,52.4791542
Dom Polonii,community_centre,,,16.9345671,52.4076533
Klub Słoneczko,community_centre,,,16.9794378,52.4817674
Klub u Bazyla,nightclub,,,16.9117032,52.416831
Klub Studencki Cicibór,nightclub,,,16.9172676,52.4290426
ODK Bajka,community_centre,,,16.9335735,52.4385731
,,,,16.9040901,52.3873018
Zakład Makerspace,community_centre,,,16.9042,52.417576
Górka saneczkowa,,,attraction,16.9247616,52.3997502
,parking_entrance,,,16.9254522,52.4020632
,,,,16.9280416,52.4009318
,,,,16.9284502,52.4014413
,,,,16.9266702,52.4019645
An-2,,,attraction,16.9326082,52.4210303
Ił-28,,,attraction,16.9324819,52.4206787
Jak-12M,,,attraction,16.932763,52.4206436
LIM-5,,,attraction,16.9326994,52.4208814
MiG-15,,,attraction,16.9329699,52.4201119
MiG-21,,,attraction,16.9323868,52.4210136
SM-1,,,attraction,16.9329783,52.4204413
Su-20,,,attraction,16.9322822,52.4209155
TS-11 Iskra,,,attraction,16.9322761,52.4207053
IS-2,,,attraction,16.9329768,52.4199798
T-55,,,attraction,16.9327934,52.4199745
T-72,,,attraction,16.9327418,52.4199311
,,,attraction,16.9328375,52.4204421
KontenerART,arts_centre,,,16.9450909,52.4058804
,,,,16.9215654,52.4174484
,,,,16.9340865,52.4145402
Cyryl Club,community_centre,,,16.92707,52.4114237
Dom Tramwajarza,community_centre,,,16.9082019,52.4103576
Lokomobila HCP,,,attraction,16.9117024,52.3824107
,,,,16.8852904,52.4186675
Teatr Muzyczny,theatre,,,16.9237047,52.4022554
Wake Park Malta,,sports_centre,,16.9572656,52.4067554
Dom Kultury Kolejarza,arts_centre,,,16.9189318,52.4055158
Makieta dawnego Poznania,,,attraction,16.9308939,52.4082756
Baker Street,nightclub,,,16.9271815,52.4055564
,,,,16.9520218,52.4131723
,,,,16.9545393,52.4125868
Extravagance,nightclub,,,16.9326132,52.4076955
,,,,16.8882443,52.395958
,,,attraction,16.9332968,52.4006171
,,,attraction,16.9332176,52.400677
,,,attraction,16.9334044,52.4007223
,,,attraction,16.9330149,52.4007428
,,,attraction,16.9364472,52.4035667
Powódź 1736,,,attraction,16.9344722,52.4077528
,,,attraction,16.9466305,52.4110317
,,,attraction,16.9346625,52.416295
Centrum rozrywki Gravitacja,,sports_centre,,16.9564015,52.3970997
Helios,cinema,,,16.9563263,52.3976863
Plus Jeden Poznań Coworking,community_centre,,,16.9362913,52.406271
,,,,16.8530753,52.4007783
,,,,16.8597814,52.3963994
,,,,16.8596105,52.3963552
,,,,16.8764642,52.4199107
"Dom Kultury ""Jędruś""",community_centre,,,16.9511596,52.3798636
Smarkateria,community_centre,,,16.9105871,52.4103435
Asz.teatr,theatre,,,16.9168015,52.4495344
"Dom Kultury ""Na Pięterku""",community_centre,,,16.9602946,52.3777117
"Dom Kultury ""Polan 100""",community_centre,,,16.9601977,52.3837208
"Dom Kultury ""Jagiellonka""",community_centre,,,16.9530554,52.3909323
Lokomotywa Ty51-183,,,attraction,16.8609342,52.3968737
,,,,16.9388037,52.3842552
,,,,16.9383163,52.3819035
,,,,16.9387205,52.3837006
,,,,16.9390318,52.3847456
,,,,16.9391716,52.3849078
,,,,16.9391551,52.3859414
,,,,16.9381067,52.3862349
,,,,16.9371545,52.383847
,,,,16.9370119,52.3835959
,,,,16.9369426,52.3824054
,,,,16.9410691,52.3937273
Gracie Barra,,sports_centre,,16.912681,52.4080311
,,,,16.9412106,52.3946364
,,,,16.9430549,52.39499
KS Pocztowiec,,sports_centre,,16.9480449,52.4021124
Coraz Lepiej,nightclub,,,16.933085,52.4061738
Czarna Owca,nightclub,,,16.9323242,52.406244
,,,,16.9748059,52.4059432
,,,,16.805399,52.3922039
,,,,16.9871623,52.4023216
,,,,16.986775,52.4024121
Club 13.13,nightclub,,,16.934484,52.4100827
Galeria Dom Sztuki,,,gallery,16.8022127,52.3965493
,,,,17.0164179,52.4003329
,,,,16.9942212,52.4003789
Ssaki drapieżne,,,attraction,17.0001288,52.4014473
Ptaki drapieżne i sowy,,,attraction,17.0027623,52.4020361
Flamingi,,,attraction,16.9986509,52.3965868
Pyrlandpark,,sports_centre,attraction,16.9872089,52.3971915
,,,,16.9944506,52.4009534
Huśtawka wodna,,,attraction,16.9866433,52.4024041
Kibice Razem Lech Poznań,community_centre,,,16.9546571,52.4129173
Świetlica Osiedlowa,community_centre,,,16.8523527,52.4923694
Świetlica,community_centre,,,16.8547755,52.4817851
Świetlica osiedlowa,community_centre,,,16.8553016,52.479894
,,,,16.9330396,52.425451
Sofit studio,,sports_centre,,16.9436385,52.4083781
Klub Muzyczny B17,nightclub,,,16.8591877,52.397296
Jump Arena Rataje,,sports_centre,,16.9791109,52.3777083
Yoga Friends Poznań,,sports_centre,,16.8953864,52.3977037
Laser Tag Poznań,,sports_centre,,16.9165114,52.4451284
"Osiedlowy Dom Kultury ""Wiktoria""",community_centre,,,16.9299741,52.4390354
Bunuba Klub,nightclub,,,16.9365843,52.4092449
Światowid,clock,,attraction,16.9117742,52.4075109
,,,,16.8743878,52.4736037
Sztuczna ruina,,,attraction,16.9555835,52.4960052
Fabryka Urody,,,,16.9401387,52.4311097
Centrum Bukowska,community_centre,,,16.897942,52.4084834
Fontanna Wolności,,,attraction,16.9282217,52.4080323
PIX.HOUSE,,,gallery,16.9050836,52.3994011
Remiza,community_centre,,,16.8077567,52.3654501
,,,,16.9066173,52.4116315
,,,,16.8532828,52.4324053
,,,,16.991046,52.4482243
CyberMachina,,amusement_arcade,,16.9220551,52.4087597
Trops,nightclub,,,16.9488623,52.3980674
,,,,16.9918046,52.4479612
Centrum Inicjatyw Senioralnych,community_centre,,,16.9234794,52.4092054
Teatr Animacji,theatre,,,16.919154,52.4081466
Centrum Kultury Zamek,arts_centre,,,16.9191858,52.407776
Basen Posnania,,sports_centre,,16.943684,52.4284766
,,,,16.7998854,52.4194622
Cortique,theatre,,,16.9076415,52.4131214
Dram Whisky Explorers Bar,nightclub,,,16.9339582,52.4090917
,,,,16.9293235,52.4234334
Projekt Fifna,arts_centre,,,16.9084429,52.4092388
Mini park linowy Stare Zoo,,sports_centre,,16.9063714,52.4085076
,,,,16.9055264,52.4076389
,vending_machine,,,16.9242364,52.4563684
Hades,nightclub,,,16.9180137,52.4079322
Schron,nightclub,,,16.9212549,52.4051396
,,,,16.9146723,52.3868062
Hyćka Klub,nightclub,,,16.920807,52.4068184
,,,,16.9013666,52.3548745
,,,,16.8931875,52.4255088
Business Link Maraton,community_centre,,,16.9318522,52.3991758
Wielka Spluwa Laser Tag,,sports_centre,,16.9335397,52.4121788
,,,,16.9412221,52.3946594
,,,,16.9425562,52.3942742
,,,,16.9425216,52.3942411
,,,,16.9422406,52.3942553
,,,,16.9411354,52.3944852
,,,,16.942144,52.3941624
,,,,16.941571,52.3942457
,,,,16.9427452,52.3945808
,,,,16.8611006,52.3975656
,,,,16.8609882,52.3976133
,,,,16.8599756,52.3965786
,,,,16.8598667,52.3966232
Fragment muru Twierdzy Poznań,,,attraction,16.9313896,52.3992669
,theatre,,,16.9444625,52.4069293
Parowóz Tx26-423,,,attraction,16.9573863,52.4083748
billaboom,,sports_centre,,16.9105138,52.4091695
Grand Casino,casino,,,16.8932445,52.4007938
Kaponiera Kolejowa,,,attraction,16.9127624,52.4078364
Koziołki poznańskie,clock,,attraction,16.934244,52.4085235
,,,,16.8760722,52.4292232
,,,,16.838698,52.4304376
,,,,16.9414814,52.3951502
REZON Centrum Wspinaczkowe,,sports_centre,,16.8070319,52.3672505
Blok Haus,,sports_centre,,16.9654583,52.4180586
Galeria mil’ART,,,gallery,16.9339822,52.4099296
Blubry 6D,,,gallery,16.9340019,52.4100044
Gear UP!,flight_school,amusement_arcade,,16.9303672,52.4024924
,,,,16.8730161,52.4746586
,,,,16.873093,52.4746407
,,,,16.9365397,52.3972028
,,,,16.9347073,52.3970811
,,,,16.9347156,52.3971051
,,,,16.9372374,52.3941851
,,,,16.9337687,52.3948164
Korty tenisowe KW04,,sports_centre,,16.9375233,52.3959406
,,,,16.9375512,52.3955956
,,,,16.9369998,52.39549
PZL TS-8 Bies,,,attraction,16.883664,52.3843417
,,,,16.9270232,52.3943427
,,,,16.9286806,52.3939199
,,,,16.9286792,52.3928754
,,,,16.9326653,52.3931346
,,,,16.9303541,52.3942627
,,,,16.9309353,52.394273
,,,,16.9331312,52.3942849
,,,,16.9330983,52.3942044
,,,,16.9302761,52.3928762
,,,,16.9299448,52.3930132
,,,,16.9324868,52.3926932
,,,,16.9325133,52.3927588
Józef Piłsudski,,,,16.917903,52.4077242
Waga,,,attraction,16.928383,52.4069955
2progi,nightclub,,,16.9272983,52.4151732
,,,attraction,16.9290589,52.3678025
,,,,16.9712842,52.4196549
,,,,16.9713403,52.4196697
Klub Uczelniany AZS Politechniki Poznańskiej,,sports_centre,,16.948093,52.4028806
,,,,16.9955465,52.40457
,,,,16.9944101,52.4028483
Dark Angels,nightclub,,,16.9381313,52.407302
HAH Poznań,nightclub,,,16.9360236,52.4115998
,,,gallery,16.9346047,52.4062184
Łęctwo,,,gallery,16.9034015,52.3956689
X-Demon Poznań,nightclub,,,16.93161,52.4080653
,,,,16.9329135,52.4173754
Muzeum Uzbrojenia,,,attraction,16.9329361,52.4198475
,,,,16.8753175,52.4293534
,,,,16.8757635,52.4295061
,,,,16.8910597,52.3982348
,,,,16.8915444,52.3988839
C,,,,16.8913859,52.3975575
,,,,16.8891223,52.3984208
,,,,16.8905238,52.3976175
,,,,16.8888652,52.3976456
,,,,16.8888183,52.3976529
,,,,16.889064,52.3983344
,,,,16.8889945,52.3981103
,,,,16.8809393,52.4185658
KoLiber Poznań,community_centre,,,16.8984789,52.3974618
,,,,16.9963197,52.4576618
Dn2t Baziel,,,attraction,16.9557926,52.3845592
Tkt48-130,,,attraction,16.9550726,52.3843983
,,,,16.9531525,52.4264057
,,,,16.9533731,52.4264883
,,,,16.9525699,52.4265877
,,,,16.9297078,52.4122476
Dwór Grunwaldzki,,sports_centre,,16.9340869,52.3713218
EDU-ARTO,arts_centre,,,16.9457381,52.4552253
Paintball,,sports_centre,,16.9370888,52.4573965
Świetlica Wiejska,community_centre,,,16.8317052,52.4852918
Niebieskooka kobieta,,,artwork,16.9369855,52.4100475
,,,,16.9285054,52.4192501
Tablica poległych robotników kolejowych,,,,16.9178856,52.4080253
Pobyt Jana Dąbrowskiego i Józefa Wybickiego,,,,16.9335856,52.4088874
Miejsce utworzenia Klubu Demokratycznego,,,,16.9326384,52.4085305
Pałac Działyńskich,,,,16.9325902,52.4084081
,,,,16.9266051,52.404717
Koszary Kultury,arts_centre,,,16.8962674,52.4024016
,,,,16.9117031,52.4316644
,theatre,bandstand,,16.9702267,52.4073916
Sim-Center,,amusement_arcade,,16.9396188,52.4129089
Scena na Piętrze,theatre,,,16.9332973,52.4098496
,community_centre,,,16.9770724,52.4097791
Ogród,,,attraction,16.9268984,52.4135225
Projekt LAB,nightclub,,,16.9369231,52.4122211
,,,,16.9669557,52.3960778
,,,,16.966994,52.3961779
,,,,16.9671359,52.3962937
,,,,16.8877653,52.4282594
,,,,16.8895,52.4252396
,,,,16.8896298,52.4251242
,,,,16.8900068,52.4247892
,,,,16.8936402,52.4247897
,,,,16.9060447,52.4083674
,,,,16.9050566,52.4085368
Zagro Plaża Rataje,arts_centre,,,16.9403756,52.3954857
,,,,17.0113796,52.3988818
,,,,17.0112316,52.3993861
,,,,17.0106041,52.3993588
,,,,17.0107099,52.398834
,,,,16.9329532,52.3939345
Tor Kartingowy Le Mans,,sports_centre,,16.9914101,52.3827176
FlyPark,,sports_centre,,16.9931469,52.3817818
,,,,16.9436159,52.4262349
,,,,16.9456886,52.4269878
Centrum Zjawisk Teatralnych,theatre,,,16.8832824,52.4325357
Strzelnica kryta KSK Pretor,,sports_centre,,16.889182,52.3782173
,,,,16.9036246,52.4078478
,,,,16.9031378,52.4085415
Strzelnica myśliwska Lizawka,,sports_centre,,17.0235079,52.4201055
Strzelnica WKS Grunwald,,sports_centre,,16.9147393,52.3770214
Historia budynku,,,,16.9336342,52.4088818
,,,,16.8144171,52.3889864
Kino Pałacowe,cinema,,,16.9190504,52.4080805
Karma Centrum Wspinaczkowe,,sports_centre,,16.9032511,52.3620384
T-72,,,attraction,16.8921416,52.4303416
Galeria Śluza,,,gallery,16.9503055,52.4124852
Aula artis,arts_centre,,,16.9318992,52.4155586
,,,,16.8200212,52.4077577
,,,,16.8199715,52.4077877
,,,,16.9963139,52.4576483
,,,,16.8569313,52.4044477
Orlik,,sports_centre,,16.985227,52.3897509
Orlik,,sports_centre,,16.9704169,52.3903202
Orlik,,sports_centre,,16.937675,52.3842785
Orlik,,sports_centre,,16.9337885,52.3935025
Orlik,,sports_centre,,16.9221696,52.3855998
Orlik,,sports_centre,,16.8941303,52.3975476
Orlik,,sports_centre,,16.8608676,52.3922134
Orlik,,sports_centre,,16.814629,52.3853614
Orlik,,sports_centre,,16.8880035,52.4103697
Orlik,,sports_centre,,16.8799917,52.4332555
Orlik,,sports_centre,,16.9356387,52.4409835
Orlik,,sports_centre,,16.9237242,52.4544706
Orlik,,sports_centre,,16.9153867,52.4565332
wagon 113a,,,attraction,16.9547569,52.3843561
Żuraw wodny,,,attraction,16.9551654,52.3844274
Rogatka przejazdowa,,,attraction,16.9562768,52.3846938
Semafor,,,attraction,16.9553363,52.3844173
,,sports_centre,,16.983532,52.4650993
,vending_machine,,,16.9242363,52.456378
,,,gallery,16.8998287,52.3944203
Gameness Team,,sports_centre,,16.8382508,52.3805156
"Klub Seniora ""Uśmiech""",community_centre,,,16.8927254,52.4042128
Halkownia,,sports_centre,,16.9104592,52.3812588
Kuzi Sport,,sports_centre,,16.9656341,52.4143037
,,,,16.9241097,52.4028994
Poznańskie Towarzystwo Wioślarzy Tryton,,sports_centre,,16.9372931,52.3965765
Klub Wioślarski 04,,sports_centre,,16.9378137,52.396241
Szalony kapelusznik,nightclub,,,16.9293641,52.4031861
Teatr Komedia Poznań,theatre,,,16.8755499,52.3995036
Ogrodowa 12 Conference Center,community_centre,,,16.9257573,52.4038146
Salon gier na automatach,,amusement_arcade,,16.9067112,52.3625125
,,,,16.9417687,52.4681836
,,,,16.940995,52.4681769
,,,,16.9407674,52.4681745
Alibi Club,nightclub,,,16.9194499,52.4052824
Park Cytadela,,park,attraction,16.93533987267495,52.4217867285354
Ogród Botaniczny Uniwersytetu im. Adama Mickiewicza,,park,attraction,16.881098885391182,52.420243289259616
AZS Poznań,,sports_centre,,16.923237111459105,52.4178436356293
Ptaki wodne,,,attraction,17.004339861751536,52.40043830328992
Enea Stadion,,stadium,,16.858224332956823,52.397717630501354
Winner,,sports_centre,,16.856602851990367,52.404438291385645
Ratusz,townhall,,attraction,16.93401176401727,52.408566999552185
Multikino 51,cinema,,,16.929281054463594,52.39914781049945
,,pitch,,16.953221218144353,52.4128784564567
Stadion im. Edmunda Szyca,,stadium,,16.92932715721159,52.39622427421196
"Osiedlowy Dom Kultury ""Słońce""",community_centre,,,16.925112522809865,52.431440776797096
,theatre,,,16.9438934989482,52.42248555754558
,,stadium,,16.94354386172967,52.42716157497649
Cinema City Poznań Kinepolis,cinema,,,16.980576064304163,52.373459475018244
,,sports_centre,,16.945062343045322,52.427978197658184
Wyspa Lemurów,,,attraction,16.906605022905005,52.407566362603724
Ptaszarnia,,,attraction,16.90353108145403,52.4078241585728
Letnia woliera małp,,,attraction,16.90300954750478,52.40823418841359
Grota,,,attraction,16.903290175275366,52.40837350736285
Red Oak,,sports_centre,,16.95645315719723,52.405749068325925
Bula Park,,sports_centre,,16.98695498024295,52.40254094621438
Pływalnia Uniwersytecka,,sports_centre,,16.94047137405904,52.46817914171243
Hala Uniwersytecka,,sports_centre,,16.94137822964167,52.46833953114306
Hala Sportowa,,sports_centre,,16.930402014717718,52.46554715687008
Centrum Sportowe UM,university,sports_centre,,16.89089269704399,52.40579338272312
Teatr Polski,theatre,,,16.923711047817854,52.40860122415559
Kortowo,,sports_centre,,16.859947619171468,52.35361457808951
Pawilon zwierząt nocnych,,,attraction,16.99510420242398,52.39943759664824
Foka pospolita,,,attraction,16.9952116612555,52.40001745949652
Pałac Mielżyńskich,,,attraction,16.933662410416428,52.409086955419184
Pływalnia Miejska Atlantis,,sports_centre,,16.924482055815073,52.45621425214285
,,,attraction,16.974369183513446,52.48799290381408
Hala Sportowa w Czerwonaku,,sports_centre,,16.983287878539766,52.46475626887456
,,sports_centre,,16.93847875643911,52.384252857765674
Pływalnia AKWEN,,sports_centre,,16.991465411214385,52.44825422992411
Orlik 2012,,sports_centre,,16.996395885494767,52.457462818024055
Kościół pw. św. Józefa Oblubieńca NMP,place_of_worship,,attraction,17.022860970621192,52.46195274147614
"Osiedlowy Dom Kultury ""Pod Lipami""",community_centre,,,16.940372196626402,52.431154240830054
,,sports_centre,,16.93362590948924,52.37163491011784
GOS Hala Sportowa,,sports_centre,,16.872643280606393,52.474917344609686
Krąg - dom kultury,community_centre,,,16.89993735270023,52.3905733223053
Hala sportowa,,sports_centre,,16.8924424,52.386489850000004
,,sports_centre,,16.870465067435877,52.38723532029723
,,sports_centre,,16.8392543,52.3900641
Hangar,,sports_centre,,16.96248367783188,52.44544094898847
"Osiedlowy Dom Kultury ""Orbita""",community_centre,,,16.9457563997148,52.43694669997962
Młodzieżowy Dom Kultury nr 2,community_centre,,,16.929299256347992,52.42341660185
Unilever Polska,,,attraction,16.980279796936163,52.42701521750036
Apollo,cinema,,,16.92653473700796,52.404559734411166
Tor Poznań,,sports_centre,,16.806462824908277,52.41791062014038
Młodzieżowy Dom Kultury nr 1,community_centre,,,16.93516862541328,52.393638272594124
Stary Browar (Pasaż),,,attraction,16.925462579435774,52.40241636894905
,,sports_centre,,16.96710434832319,52.39616138698052
Kryte Lodowisko Malta,,ice_rink,,16.95480149705954,52.40512202639748
Funcube,,amusement_arcade,,16.993541288273473,52.382298821666
Multikino,cinema,,,16.924417780457375,52.40277879958904
Stary Browar (Atrium),,,attraction,16.92790741570788,52.40146786269829
,,sports_centre,,16.932981510164712,52.425657974266166
,,sports_centre,,16.88959255764594,52.38891880141904
,,sports_centre,,16.873870049999997,52.41617894999999
,,ice_rink,,16.933901186206445,52.41436407250978
,,sports_centre,,16.9270499,52.45851345
,,sports_centre,,16.924480843388455,52.45864368131688
,,sports_centre,,16.9268023,52.45851389999999
,,pitch,,16.954196,52.41298235
Rialto,cinema,,,16.906580316053812,52.41152867703747
boisko sportowe,,sports_centre,,16.904967931374717,52.454362159232545
,,sports_centre,,16.912446336818356,52.46367862903428
Scena Robocza,theatre,,,16.899169878875973,52.40487023003989
Basen osiedlowy,,sports_centre,,16.964700121197207,52.398765411249705
Rozbrat,community_centre,,,16.918370514369492,52.41756552080807
Atlantis Fitness Club,,sports_centre,,16.819843605118578,52.40770964296357
Pawilon,,,gallery,16.940359834623358,52.40780585799135
Arena,,sports_centre,,16.892077601189285,52.397712158592235
Scena Wspólna,theatre,,,16.93518696177568,52.42511001964526
Pływalnia letnia,,sports_centre,,16.9275233303732,52.39303575173032
CITYZEN,,sports_centre,,16.932577126837742,52.395118699953514
Wyspa lemurów katta,,,attraction,17.00180840740972,52.3985139660837
Słonie,,,attraction,17.008839697332355,52.3993132272903
Sokół,community_centre,,,16.980873564697994,52.465155978722194
Madalina,community_centre,,,16.913968908877596,52.38639744038817
,,sports_centre,,16.99144549397333,52.448035352480794
,,track,,16.979081998596715,52.39864288319929
,,track,,16.977835532046278,52.39892275298702
,,track,,16.97774134948365,52.39961132153425
KS Warta Poznań,,sports_centre,,16.931383598671502,52.39325193287213
Teatr Wielki,theatre,,,16.917697072141866,52.41019504419641
Centrum Kultury i Biblioteka Publiczna,community_centre,,,16.874465612360815,52.47363732372155
Boisko Przepadek,,sports_centre,,16.927729176113,52.418522905931425
Dom Kultury Romskiej,community_centre,,,16.88830115918387,52.37757825785703
Pałac Działyńskich,,,attraction,16.932262834676674,52.40850311632799
Stare Zoo,,,zoo,16.904939553349642,52.40809984990492
Pawilon Zwierząt Zmiennocieplnych,,,attraction,16.905583531237653,52.4084027250932
"Strzelnica ""Magnum""",,sports_centre,,16.901385991109116,52.4311197037748
Brodziak Gallery,,,gallery,16.907455860097805,52.4012650931769
,,sports_centre,,16.92258585,52.41734725
,,,,16.923219056725866,52.418016904483046
Świetlica,community_centre,,,16.930238507803935,52.412591419084464
,theatre,,,16.925321408814142,52.40082499593261
Młodzieżowy Ośrodek Sportowy,,sports_centre,,16.953586341852663,52.412995774185426
Amfiteatr nad Cybiną,theatre,,,16.951269089582222,52.412334840193196
Klub Jutrzenka,community_centre,,,17.019471841771132,52.4658144979312
Centrum Kultury i Rekreacji,community_centre,,,16.991530535058015,52.447896787872544
Nowe Zoo,,,zoo,17.0051990109229,52.39978716403464
Ośrodek Przywodny Rataje,,sports_centre,,16.938085211266795,52.38402936262495
Przystań KS Warta,,sports_centre,,16.94168530632108,52.39377588452416
KS Energetyk - Sekcja Kajakowa,,sports_centre,,16.940682080692202,52.39171485901853
,theatre,,,16.941010184848068,52.390838593277216
Przystań KS Posnania,,sports_centre,,16.942162998290332,52.39494284753671
Towarzystwo Wioślarzy Polonia,,sports_centre,,16.941911470550927,52.39450494461899
,theatre,,,16.944801757840803,52.40598384397391
Termy Maltańskie,,sports_centre,,16.973887483314947,52.405125481411375
,,track,,16.9768722,52.3993155
,,track,,16.9768904,52.399228050000005
Kozy i osły,,,attraction,16.994154299395433,52.399837623461025
Kucyki szetlandzkie,,,attraction,16.994109303809164,52.39963386237791
Kozy,,,attraction,16.994355488266812,52.39997146378791
"Owca kameruńska, świnia wietnamska i kozy",,,attraction,16.9942228651173,52.399994461995185
Bociany czarnodziobe,,,attraction,16.995090704127797,52.40074814976602
Siki wietnamskie,,,attraction,16.995586828516952,52.400964310295755
Marabuty,,,attraction,16.995779755125753,52.40149989773149
Dzioborożce białodziobe,,,attraction,16.995978260702252,52.40134327731668
Świnie wisajskie,,,attraction,16.99507229803841,52.402288268641705
Kangury,,,attraction,16.99548960707619,52.40187459070826
Emu,,,attraction,16.995873157814383,52.4019106314051
Żubry,,,attraction,17.00335188596606,52.40274000940997
Jelenie milu,,,attraction,17.001145719976215,52.40256069858644
Wydra europejska,,,attraction,16.998502609268407,52.402535536596744
Nosorożce białe,,,attraction,16.999009027508443,52.40275960293692
Kazuary,,,attraction,16.996256264754706,52.402372343213
Jelenie Alfreda i baweańskie,,,attraction,16.99573677216621,52.40235087918934
Antylopy nilgau i ssaki,,,attraction,16.99894923324397,52.40202459069106
Takiny,,,attraction,17.00006276731933,52.40032549372548
Insektarium,,,zoo,17.0039095,52.40163755
Pawilon drobnych ssaków,,,attraction,17.0010616,52.4015312
Fauna Afryki,,,attraction,16.99711059229893,52.39747920646155
Żyrafy,,,attraction,16.998511896043734,52.39806638757288
Pandy rude,,,attraction,16.99579774452284,52.39953392290201
Sitatungi i dzioborożce abisyńskie,,,attraction,16.996716214010277,52.40152370752786
Antylopa tomi,,,attraction,16.99809167047389,52.401719885813634
Ptaki drapieżne,,,attraction,16.9955283297821,52.39806443269644
Makaki japońskie,,,attraction,17.006369919776702,52.402190984686115
Niedźwiedzie brunatne,,,attraction,17.002449149229214,52.39727541555858
Bizony leśne,,,attraction,17.01232812032523,52.40269605557801
Tygrysy syberyjskie,,,attraction,17.006107116647115,52.39977676684496
Ostronosy rude,,,attraction,17.001294270014093,52.397740822048355
Fauna Ameryki Południowej,,,attraction,17.000019110399343,52.3972588076807
Susły moręgowane,,,attraction,17.01138846609112,52.400599802687935
Wielbłądy dwugarbne,,,attraction,17.01206960922945,52.400934970301826
Wielbłądy,,,attraction,17.010443745018726,52.40020034499235
Ptaki,,,attraction,16.99513781491374,52.39921112841539
ASG Park Malta,,sports_centre,,16.988529576898983,52.40439141846752
Dom Działkowca,community_centre,,,16.92533012800865,52.381948172313855
,,track,,16.88771025,52.450654050000004
,,track,,16.925714339886827,52.44083242974059
,,track,,16.925666669724038,52.44061233237152
,,stadium,,16.856514149766507,52.39860135768006
,,track,,16.80934162661,52.362502317702365
,,,attraction,16.896569249796958,52.490305087807506
,,,attraction,16.89799701104346,52.48969461788787
"Park rekreacyjno-sportowy ""FairPlayce""",,sports_centre,,16.9493204484869,52.46034331346555
Małpiarnia,,,attraction,16.9029556289405,52.4085837465153
Króliki domowe,,,attraction,16.903772651322353,52.40761960359369
Letni wybieg żółwi lądowych,,,attraction,16.90283683327307,52.40808453966014
,,,,16.906204009618698,52.40854766169349
,,,,16.90609165429339,52.40852154020973
,,,attraction,16.907079643821703,52.40787834198844
"Kozy domowe, kury, gęsi",,,attraction,16.904333087413796,52.407581067805545
Świnie zwisłobrzuche,,,attraction,16.903936745296196,52.40763659652698
Ptactwo wodne,,,attraction,16.903849610924738,52.408216267394835
Letni wybieg żółwi wodnych,,,attraction,16.90486576146128,52.40866866008252
Letni wybieg żółwi lądowych,,,attraction,16.90327311220675,52.4086718070584
Zwierzęta Ameryki Południowej,,,attraction,16.903736543707424,52.408796537962
Lis srebrny,,,attraction,16.90459744618554,52.40875403543582
,,,attraction,16.904520284309243,52.40852037679721
Osły domowe,,,attraction,16.904794205080297,52.40841874992595
Owce bretońskie,,,attraction,16.90525176651611,52.40825844846783
Szkockie bydło górskie,,,attraction,16.905143750255295,52.408101936300866
Owce kameruńskie,,,attraction,16.904704245502053,52.40824088218878
Zebu karłowate,,,attraction,16.90424732854622,52.40835122634229
Kuce szetlandzkie,,,attraction,16.904067747260214,52.40851373051134
Alpaki,,,attraction,16.903562196700943,52.408761311427924
Tenis Park Luboń,,sports_centre,,16.90102150646284,52.35469335258151
Tenis Park Luboń,,sports_centre,,16.90096625,52.35461445
,,,,16.95223168695469,52.412945593798355
,,pitch,,16.952295292914492,52.413051190369124
,,pitch,,16.952280249999998,52.41273705
Lodowisko,,ice_rink,,16.8603507388813,52.399022375827066
Galeria stowarzyszenia Amici,,,gallery,16.973273946583408,52.38709873721222
,,track,,16.98555325089678,52.38429677282349
,,track,,16.98579474415275,52.38446830001963
,,track,,16.985864163371144,52.38459187055542
Centrum Inicjatyw Chrześcijańskich,community_centre,,,16.911311047893896,52.438949349579325
,,track,,16.866830902457547,52.40167443576405
Plek Centrum Sportu,,sports_centre,,16.838334973307784,52.429874334753706
Mikro Dom Kultury - Lotaryńska 6,arts_centre,,,16.931207073477065,52.44685710021089
AWF Poznań,,sports_centre,,16.93561395254985,52.39722346142067
KS Czarna Kula,,sports_centre,,16.93727060356954,52.395397355666816
Pływalnia Delfin,,sports_centre,,16.86452225646887,52.423436954168594
KS Polonia Poznań,,stadium,,16.97166539519676,52.41906726527003
Teatr Nowy,theatre,,,16.912587722587674,52.411263704575575
,,track,,16.88987195,52.447928250000004
Ścieżka w koronach drzew,,,attraction,16.995015710654204,52.40371038948757
Świetlica Wiejska w Bogucinie,community_centre,,,17.032556267647227,52.431078979080546
Nocny Targ Towarzyski,arts_centre,,,16.90481924158782,52.38753819704564
Pływalnia Miejska POSiR Winogrady,,sports_centre,,16.92628678344587,52.43784650472218
Przystań Rusałka RafaMarina,,sports_centre,,16.87562031757315,52.42936437569496
,,track,,16.9316103,52.4327821
,,track,,16.931632899999997,52.43283925
Dawny stadion Energetyka Poznań,,sports_centre,,16.889424902370678,52.39664502707884
Centrum Tenisowe Arena,,sports_centre,,16.88978531826876,52.39797209301166
Surma Poznań,,sports_centre,,16.89068358683372,52.39879654985372
Hipodrom Wola,,stadium,,16.86121774077927,52.4299500539346
,,,,16.879671831386876,52.48750837311211
,,,,16.880107869289514,52.48749649115473
,,,,16.8801275950974,52.487555558978706
,,,,16.880161898281766,52.487647049300996
,,,,16.88006198217757,52.48776874655856
,,track,,16.959092895023325,52.38561993582736
,,track,,16.959131999999997,52.3855185
,,track,,16.9591486,52.38546755
,,track,,16.959325420043214,52.38543393813462
,,track,,16.959094330586616,52.38540899031125
,,track,,16.95916615,52.385418650000005
,,track,,16.95934693924885,52.385273604223514
,,track,,16.959108848405766,52.38508121364926
,,track,,16.95919475,52.385205000000006
,,track,,16.959142504632965,52.38532312080731
,,track,,16.959118099999998,52.38498905
,,track,,16.9592244069921,52.384974539841224
,,track,,16.959170757783404,52.385065838332864
,,track,,16.959034568284622,52.38507292943325
,,track,,16.95921089726736,52.38535014868036
,,track,,16.958948974233646,52.38489559234764
,,track,,16.95893565982539,52.384696133320176
,,track,,16.959053340092506,52.38488282278616
,,track,,16.9590530646741,52.38527503691155
,,track,,16.959036237480063,52.38521675274692
,,track,,16.933441751092744,52.4370563650446
,,track,,16.933463658826447,52.43725590012899
Ogród Szeląg,arts_centre,garden,,16.953071326857245,52.42666621800558
,,track,,16.930762205782866,52.412720642419124
,,pitch,,16.940476100978767,52.470359298442915
Uniwersytet Artystyczny im. Magdaleny Abakanowicz,university,,gallery,16.929806692423536,52.41237644302403
Oratorium „Światełko”,community_centre,,,16.911633760897224,52.43179201919716
,,sports_centre,,16.996568551846597,52.45698429160645
Stadion rozgrzewkowy,,stadium,,16.892210851044496,52.42333963684814
Park Tenisowy Olimpia,,sports_centre,,16.892508081123903,52.42509989210231
Stadion lekkoatletyczny Golęcin,,stadium,,16.89027694900131,52.425341217844554
Stadion żużlowy Golęcin,,stadium,,16.888155342797,52.42728218641042
,,track,,17.020104949999997,52.4075368
Świnka zwisłobrzucha,,,attraction,16.907074526411925,52.40787074466643
Lemury,,,attraction,16.90689365,52.40761640000001
Nosorożce,,,attraction,17.01008242644234,52.39897076786754
Żyrafy,,,attraction,17.0117251407089,52.399270686264366
,,track,,16.925550667120817,52.43727384852116
,,track,,16.92552907138345,52.437231282930554
Kompleks sportowo-rekreacyjny w Czerwonaku,,sports_centre,,16.988508952850754,52.46785534231379
Oryks południowy,,,attraction,17.009720460732066,52.40052990411228
Lwy,,,attraction,17.01267536192754,52.40157561061983
,,track,,16.949699537253856,52.45599597331892
Poznański Rejon Wspinaczkowy,,sports_centre,attraction,16.962563572506426,52.42512059853475
Laba Land,community_centre,,,16.944573141755107,52.42630174748377
Korty Tenisowe Janikowo,,sports_centre,,17.035049384677542,52.44514601294652
Króliki domowe,,,attraction,16.904553611578343,52.40752933138285
Letni wybieg żółwi lądowych,,,attraction,16.903372613626736,52.408779463429894
Karuzela,,,attraction,16.907155921661058,52.408140701471865
E1 Gokart: halowy tor kartingowy,,sports_centre,,16.805353778526,52.39252949904485
Eve&Culture,arts_centre,,,16.87431290959576,52.420206563233684
KS Stomil - Sekcja Kajakowa,,sports_centre,,16.941337072279804,52.393191072889124
Chwiałka,,ice_rink,,16.928839845517412,52.392249115079046
"Oś: Rogacz, Dzik 1-2, Zając 1-2",,sports_centre,,17.02890618323369,52.42039326888197
Przedszkole dla zwierząt,,,attraction,17.00041597598198,52.39960964992734
Pandki Rude,,,attraction,16.99990346507916,52.399744272439875
Uniwersytet Artystyczny im. Magdaleny Abakanowicz,university,,gallery,16.93702379193745,52.41011108431554
,,stadium,,16.94135754149138,52.46849194785005
Park Cytadela,,park,attraction,16.935125568015774,52.42134335432054
Ogród Botaniczny Uniwersytetu im. Adama Mickiewicza,,park,attraction,16.881388911653456,52.420266100421465
AZS Poznań,,sports_centre,,16.92309312827413,52.41788345717828
Ptaki wodne,,,attraction,17.004241781395727,52.40042461634327
Enea Stadion,,stadium,,16.85812740677332,52.397647580734706
Winner,,sports_centre,,16.85661282808425,52.404438504447484
Ratusz,townhall,,attraction,16.93401401529203,52.40856460356369
Multikino 51,cinema,,,16.929266893362637,52.399147854618384
,,pitch,,16.953221221909246,52.41287845299089
Stadion im. Edmunda Szyca,,stadium,,16.929366895425307,52.39622952939908
"Osiedlowy Dom Kultury ""Słońce""",community_centre,,,16.92511338922769,52.43143526108023
,theatre,,,16.943895312393398,52.42248355152895
,,stadium,,16.9435274513477,52.42715665941207
Cinema City Poznań Kinepolis,cinema,,,16.980432235122933,52.373437293528255
,,sports_centre,,16.945062335318777,52.42797819715678
Wyspa Lemurów,,,attraction,16.906591860991362,52.407570480446296
Ptaszarnia,,,attraction,16.90352692081228,52.4078274023265
Letnia woliera małp,,,attraction,16.90300814437481,52.40823434343672
Grota,,,attraction,16.90330312600146,52.408367560731776
Red Oak,,sports_centre,,16.956453152797835,52.40574906341955
Bula Park,,sports_centre,,16.986958346438136,52.402540535329784
Pływalnia Uniwersytecka,,sports_centre,,16.940476109336128,52.46817925118533
Hala Uniwersytecka,,sports_centre,,16.941379763164015,52.46833934152584
Hala Sportowa,,sports_centre,,16.930399458963212,52.46554308750734
Centrum Sportowe UM,university,sports_centre,,16.890893110857117,52.40579449359734
Teatr Polski,theatre,,,16.923709421243352,52.40860764958924
,,,,16.918577656371475,52.408159765685916
Kortowo,,sports_centre,,16.859816299037124,52.35371657256363
Pawilon zwierząt nocnych,,,attraction,16.995111525154552,52.399438529699154
Foka pospolita,,,attraction,16.995226538695107,52.400021429920635
Pałac Mielżyńskich,,,attraction,16.93366401107588,52.40908762423103
Pływalnia Miejska Atlantis,,sports_centre,,16.924491256159662,52.456214717704995
,,,attraction,16.974369023141794,52.48799291997267
Hala Sportowa w Czerwonaku,,sports_centre,,16.983289635068072,52.464758551363666
,,sports_centre,,16.938473363878604,52.38424124466928
Pływalnia AKWEN,,sports_centre,,16.991459299568337,52.44825507747122
Orlik 2012,,sports_centre,,16.996415587409096,52.45745806217597
Kościół pw. św. Józefa Oblubieńca NMP,place_of_worship,,attraction,17.022870456860176,52.461954615399556
"Osiedlowy Dom Kultury ""Pod Lipami""",community_centre,,,16.940372185305456,52.43115423537773
,,sports_centre,,16.933625909155523,52.37163490619122
GOS Hala Sportowa,,sports_centre,,16.872601169868645,52.4749288653353
Krąg - dom kultury,community_centre,,,16.899937343121643,52.3905733176085
Hala sportowa,,sports_centre,,16.892442399999997,52.38648984999999
,,sports_centre,,16.870465061586348,52.38723533669151
,,sports_centre,,16.8392543,52.39006409999999
Hangar,,sports_centre,,16.962484140567028,52.44544106609871
"Osiedlowy Dom Kultury ""Orbita""",community_centre,,,16.94575639924552,52.43694669995664
Młodzieżowy Dom Kultury nr 2,community_centre,,,16.929318716589044,52.42341689153846
Unilever Polska,,,attraction,16.98028693559484,52.42702160909554
Apollo,cinema,,,16.926485128750727,52.40457030790532
Tor Poznań,,sports_centre,,16.807161502326167,52.41807411982439
Młodzieżowy Dom Kultury nr 1,community_centre,,,16.935177718307777,52.39362489865539
Stary Browar (Pasaż),,,attraction,16.925407707120844,52.40243082205309
,,track,,16.9522058,52.387894550000006
,,sports_centre,,16.967130539830187,52.39618165454342
Kryte Lodowisko Malta,,ice_rink,,16.954801506080283,52.40512202899626
Funcube,,amusement_arcade,,16.993538207367987,52.38230018772678
Multikino,cinema,,,16.924397969916033,52.402779591596826
Stary Browar (Atrium),,,attraction,16.927921550261257,52.40145564704743
,,track,,16.957614650000018,52.3786666
,,track,,16.977481882678045,52.384278029413316
,,track,,16.86669258991937,52.40152456444799
,,track,,16.94707883985219,52.424842897755966
,,sports_centre,,16.93298150627905,52.42565797238887
,,sports_centre,,16.88959256416635,52.38891880247724
,,track,,16.89484467097553,52.3976235453396
,,track,,16.879294673182063,52.40583675026804
,,sports_centre,,16.873870049999997,52.41617895000001
,,track,,16.87423045,52.41557629999999
,,track,,16.882082130329007,52.443453084425315
,,track,,16.9846936,52.47080939999999
,,ice_rink,,16.933900522022913,52.41436401871851
,,sports_centre,,16.9270499,52.45851345
,,sports_centre,,16.92448085030416,52.458643677938944
,,sports_centre,,16.926802300000002,52.4585139
,,pitch,,16.954196,52.41298235
Rialto,cinema,,,16.90656584359855,52.41151714113242
boisko sportowe,,sports_centre,,16.904967927628476,52.454362155127654
,,sports_centre,,16.912463504808166,52.46368739038628
Scena Robocza,theatre,,,16.899188547272537,52.40487620830183
Basen osiedlowy,,sports_centre,,16.964699228809994,52.398764913561045
Rozbrat,community_centre,,,16.91835123541519,52.41757001217195
Atlantis Fitness Club,,sports_centre,,16.819843602830375,52.407709640201986
Pawilon,,,gallery,16.940359832554197,52.40780586108652
,,track,,16.957788565998793,52.37857136515601
Arena,,sports_centre,,16.892077502977425,52.39771215002809
Scena Wspólna,theatre,,,16.935198560901885,52.425107861982504
,,track,,16.944694423187332,52.35668288422277
Pływalnia letnia,,sports_centre,,16.92754220846373,52.392976088904724
CITYZEN,,sports_centre,,16.93251895589812,52.395147742389995
Wyspa lemurów katta,,,attraction,17.00180800660688,52.39851352662119
Słonie,,,attraction,17.008784998766746,52.39931076889719
Sokół,community_centre,,,16.980873566826933,52.46515597942619
,,track,,16.932899782043158,52.39770742898055
,,track,,16.93323424306326,52.39751382322692
Madalina,community_centre,,,16.914070651895308,52.38644401350306
,,sports_centre,,16.991509165432635,52.448062511723776
KS Warta Poznań,,sports_centre,,16.93149164216683,52.39317668319459
Teatr Wielki,theatre,,,16.917671333076097,52.41021269997709
Centrum Kultury i Biblioteka Publiczna,community_centre,,,16.874476806983694,52.47362844274505
Boisko Przepadek,,sports_centre,,16.92764154981251,52.418580123653484
Dom Kultury Romskiej,community_centre,,,16.888305401334677,52.37757680439267
Zamek Cesarski,,,attraction,16.918787948646493,52.40804297803637
Pałac Działyńskich,,,attraction,16.932257548426023,52.40850611929403
Stare Zoo,,,zoo,16.904864773749924,52.40812261834925
Pawilon Zwierząt Zmiennocieplnych,,,attraction,16.905673361876776,52.40838503351166
,,track,,16.932866698157223,52.398343309500675
"Strzelnica ""Magnum""",,sports_centre,,16.901403378213104,52.43113668206271
,,track,,16.884161589352836,52.385132738616065
Brodziak Gallery,,,gallery,16.90744813501297,52.40126265450792
,,track,,16.924085965953758,52.417811983747846
,,track,,16.923937729224374,52.41795060680653
,,track,,16.92307811304959,52.41753960653778
,,track,,16.92238915705434,52.41777542800304
,,sports_centre,,16.92258585,52.41734725
,,track,,16.92314744638477,52.41801614250986
,,,,16.923218591717724,52.418017089578214
,,track,,16.92111004769398,52.41456061457382
,,track,,16.92126932556549,52.41443474266013
Świetlica,community_centre,,,16.930236006906423,52.41259244371955
,theatre,,,16.925321417790006,52.40082499775333
,,track,,16.937647813976632,52.40302630763227
Młodzieżowy Ośrodek Sportowy,,sports_centre,,16.953517570913917,52.41298453127418
Amfiteatr nad Cybiną,theatre,,,16.951268132400248,52.41233442074301
Klub Jutrzenka,community_centre,,,17.01947917735773,52.46582348006639
Centrum Kultury i Rekreacji,community_centre,,,16.991515153358353,52.44787534371513
,,track,,16.970760896067286,52.39000410213327
,,track,,16.97698340321798,52.38445358166322
,,track,,16.955221992895666,52.39146367455597
,,track,,16.922801639430777,52.45582164988486
,,track,,16.95221021348248,52.37886115157479
,,track,,16.890282248598666,52.42534071507056
,,track,,16.89067790000001,52.425517799999994
,,track,,16.889869438712868,52.425188540270405
,,track,,16.9508705279921,52.383529508285726
Nowe Zoo,,,zoo,17.00487391303087,52.39969884336379
,,track,,16.954598650000012,52.3900122
Ośrodek Przywodny Rataje,,sports_centre,,16.938065753186702,52.38403497426676
Przystań KS Warta,,sports_centre,,16.941687441908055,52.39377602275408
KS Energetyk - Sekcja Kajakowa,,sports_centre,,16.94067761359025,52.391709810936355
,theatre,,,16.94101379355946,52.390840770518736
Przystań KS Posnania,,sports_centre,,16.94215328599513,52.394944404199336
Towarzystwo Wioślarzy Polonia,,sports_centre,,16.941909912576268,52.394503619759455
,,track,,16.93989875,52.38207444999999
,theatre,,,16.94480166250078,52.4059839275053
,,track,,16.92709135,52.41369339999999
,,track,,16.970782328578498,52.38985927467631
,,track,,16.949335575770125,52.40222040243286
,,track,,16.95153907266218,52.40067498665994
,theatre,,,16.86865424526568,52.38431570555881
Termy Maltańskie,,sports_centre,,16.97371260398587,52.40513933382025
,,track,,16.986750586538772,52.40263871222727
,,track,,16.986847644579015,52.402608163298105
,theatre,,,16.97531099286559,52.39966658349185
Kozy i osły,,,attraction,16.994154544442477,52.39983579087914
Kucyki szetlandzkie,,,attraction,16.994111897290626,52.39963429360809
Kozy,,,attraction,16.99435839387254,52.399969194037304
"Owca kameruńska, świnia wietnamska i kozy",,,attraction,16.9942228699559,52.399994458985354
Bociany czarnodziobe,,,attraction,16.995083517191027,52.40074712867553
Siki wietnamskie,,,attraction,16.995588082749176,52.40096004733838
Marabuty,,,attraction,16.995788089473663,52.401506921964376
Dzioborożce białodziobe,,,attraction,16.99598504036124,52.40134210170398
Świnie wisajskie,,,attraction,16.99506746282729,52.4022870227665
Kangury,,,attraction,16.995425608137783,52.401882567287025
Emu,,,attraction,16.995875460552437,52.40191301911007
Żubry,,,attraction,17.003347922807496,52.40274115100915
Jelenie milu,,,attraction,17.00115067781902,52.40256538490778
Wydra europejska,,,attraction,16.998509173773964,52.40253590633057
Nosorożce białe,,,attraction,16.999012957214614,52.40275442754237
Kazuary,,,attraction,16.9962786223853,52.40236140112053
Jelenie Alfreda i baweańskie,,,attraction,16.995751904789433,52.40235036842801
Antylopy nilgau i ssaki,,,attraction,16.998961524969182,52.40202152102011
Takiny,,,attraction,17.00004447198012,52.40031666257084
Insektarium,,,zoo,17.003909500000002,52.40163755
Pawilon drobnych ssaków,,,attraction,17.0010616,52.40153120000001
Fauna Afryki,,,attraction,16.99715233900768,52.39747352833661
Żyrafy,,,attraction,16.99850266659628,52.397989497011565
Pandy rude,,,attraction,16.995797171262925,52.39953348644756
Sitatungi i dzioborożce abisyńskie,,,attraction,16.99666003172188,52.40152315642713
Antylopa tomi,,,attraction,16.99801611078458,52.40174111257715
Ptaki drapieżne,,,attraction,16.99552554394491,52.39806549020003
Makaki japońskie,,,attraction,17.006386527698464,52.40219068215802
Niedźwiedzie brunatne,,,attraction,17.002395812850402,52.39723297526687
Bizony leśne,,,attraction,17.01243734931105,52.402625849505974
Tygrysy syberyjskie,,,attraction,17.006121541325435,52.399774969414175
Ostronosy rude,,,attraction,17.00130683741383,52.39774285624585
Fauna Ameryki Południowej,,,attraction,17.00006092863259,52.397248559154455
Susły moręgowane,,,attraction,17.011391957124257,52.40060362172295
Wielbłądy dwugarbne,,,attraction,17.012071370123095,52.40093291439077
Wielbłądy,,,attraction,17.010569699086126,52.40022004767897
Ptaki,,,attraction,16.995138968289222,52.3992113542686
ASG Park Malta,,sports_centre,,16.98866472411345,52.4044133381581
Dom Działkowca,community_centre,,,16.925329965346712,52.38194804298509
,,track,,16.98903228435726,52.46783168850785
,,track,,16.88771025,52.45065405
,,track,,16.94694884558684,52.42474883456059
Pumptrack Rusałka,,track,,16.875305833124436,52.42994059765927
,,track,,16.925712871249377,52.440832391723994
,,track,,16.913845249999998,52.46554635000001
,,stadium,,16.856903114339424,52.39888483602859
,,track,,16.914206799999974,52.45481030000001
,,track,,16.809337039901084,52.36251357485592
,,track,,16.809124258044612,52.36238823344394
,,,attraction,16.896570783221684,52.49030699130384
,,,attraction,16.897998014022974,52.48969633875756
,,track,,16.938424742702928,52.470936071711705
"Park rekreacyjno-sportowy ""FairPlayce""",,sports_centre,,16.94930947044104,52.46034799626734
,,track,,16.870753726832987,52.4740294047063
,,track,,16.846534229194397,52.36948560313946
,,track,,16.913510260894128,52.43432471064186
Małpiarnia,,,attraction,16.902941208569093,52.408587285952436
Króliki domowe,,,attraction,16.903772646709164,52.407619605220304
Letni wybieg żółwi lądowych,,,attraction,16.902832894553544,52.408086845752614
,,,,16.906225933644563,52.408537613583945
,,,,16.906091823924584,52.40852212814866
Tor gokartowy,,track,,16.906172811380454,52.40854337213644
,,,attraction,16.907081280617316,52.40787832503451
Woliera ptaków,,,attraction,16.90524931878585,52.407775234783735
"Kozy domowe, kury, gęsi",,,attraction,16.904329183815378,52.4075832662123
Świnie zwisłobrzuche,,,attraction,16.903945922261343,52.40763729171808
Ptactwo wodne,,,attraction,16.90388363315615,52.408203114704534
Letni wybieg żółwi wodnych,,,attraction,16.904865274273,52.408668892973346
Letni wybieg żółwi lądowych,,,attraction,16.90328520363576,52.408671347019265
Zwierzęta Ameryki Południowej,,,attraction,16.903726405643997,52.40879568452469
Lis srebrny,,,attraction,16.904597615439712,52.40875421361295
,,,attraction,16.904539866883173,52.40851672163264
Osły domowe,,,attraction,16.90480202963415,52.4084144208719
Owce bretońskie,,,attraction,16.905255270134596,52.40825892062027
Szkockie bydło górskie,,,attraction,16.90510318076328,52.40810952436183
Owce kameruńskie,,,attraction,16.904705218327855,52.408236496103896
Zebu karłowate,,,attraction,16.90426350366992,52.40835023316573
Kuce szetlandzkie,,,attraction,16.904004933164607,52.408504309422504
Alpaki,,,attraction,16.90355274630837,52.40876622468707
Tenis Park Luboń,,sports_centre,,16.901021037040493,52.35469324522883
Tenis Park Luboń,,sports_centre,,16.90096625,52.35461444999999
,,,,16.952233218648896,52.412942770965344
,,pitch,,16.952295284488102,52.413051178839616
,,track,,16.953236518634352,52.412852043207174
,,pitch,,16.952280249999998,52.412737050000004
Lodowisko,,ice_rink,,16.86035383181564,52.39902645873609
Galeria stowarzyszenia Amici,,,gallery,16.973269608325634,52.387096810441044
Tor rowerowy,,track,,16.98576972968255,52.384472460280485
,,track,,16.968340716618847,52.380381892874404
,,track,,16.92407279999996,52.43091245000001
,,track,,16.923549174441522,52.43088446130013
Pumptrack,,track,,16.88323544455198,52.443708149367545
Pumptrack,,track,,16.835891187666334,52.43798177557479
Centrum Inicjatyw Chrześcijańskich,community_centre,,,16.91130932172461,52.43895217250563
,,track,,16.862934900000003,52.3979691
,,track,,16.86290169538308,52.39800930457961
,,track,,16.866829919209327,52.4016744970444
Plek Centrum Sportu,,sports_centre,,16.8383153923611,52.42985837679663
Mikro Dom Kultury - Lotaryńska 6,arts_centre,,,16.931203513033996,52.4468584209107
AWF Poznań,,sports_centre,,16.935534282924017,52.39723094399109
KS Czarna Kula,,sports_centre,,16.937283304511308,52.39539305950298
,,track,,16.80743514740479,52.37352539934522
,theatre,,,16.977123754514178,52.39338329140558
Pływalnia Delfin,,sports_centre,,16.864462189465655,52.42345505472322
,,track,,16.898407900000002,52.38999744999999
KS Polonia Poznań,,stadium,,16.971610297708573,52.41906890687781
Teatr Nowy,theatre,,,16.912574101714977,52.41124529472857
Świetlica Wiejska w Bogucinie,community_centre,,,17.03255628769959,52.431078982833334
Nocny Targ Towarzyski,arts_centre,,,16.904678082877552,52.3875341524437
Pływalnia Miejska POSiR Winogrady,,sports_centre,,16.92627658926164,52.43786058953716
Przystań Rusałka RafaMarina,,sports_centre,,16.87563380210128,52.429356961836895
,,track,,16.94327512944921,52.44017768996819
,,track,,16.839768529068802,52.39008274217975
Dawny stadion Energetyka Poznań,,sports_centre,,16.889405105463613,52.396638995235676
Centrum Tenisowe Arena,,sports_centre,,16.889804837339053,52.39796396754918
Surma Poznań,,sports_centre,,16.89066056945539,52.398778318708686
,,track,,16.989496249651012,52.44470991098008
Hipodrom Wola,,stadium,,16.86162577250422,52.4296608643244
,,,,16.87967182057463,52.487508567105195
Pumptrack,,track,,16.879674272165577,52.48750625217858
,,,,16.880098731041233,52.48749377624156
,,,,16.880126951462746,52.48755577486315
,,,,16.880155729793913,52.487649429853796
,,,,16.880062881595975,52.48777328639915
Pumptrack,,track,,16.88011173215151,52.48761202243925
,,track,,16.959053369107348,52.384882775857065
,,track,,16.96626735333237,52.385763274261606
Ogród Szeląg,arts_centre,garden,,16.95308618619046,52.426663452495944
,,track,,16.93076196495005,52.41272020949372
,,track,,16.906352067782194,52.43327547077473
,,pitch,,16.94049016392024,52.47035926218047
,,track,,16.938740775369887,52.47035543150566
,,track,,16.938699350591772,52.47031189695487
,,track,,16.939554861325785,52.470318049698484
,,track,,16.939550781312118,52.47034531276846
Uniwersytet Artystyczny im. Magdaleny Abakanowicz,university,,gallery,16.92980481186517,52.412374914247934
Oratorium „Światełko”,community_centre,,,16.91162621963183,52.4317906689497
,,sports_centre,,16.996550686063177,52.45693113115048
,,track,,16.933722587094767,52.415531357373155
,,track,,16.89220565375128,52.42335245568267
Stadion rozgrzewkowy,,stadium,,16.89222865630116,52.42336427750458
,,track,,16.891638051598257,52.423744731945824
Park Tenisowy Olimpia,,sports_centre,,16.89245988247097,52.425123288067894
Stadion lekkoatletyczny Golęcin,,stadium,,16.89028110843599,52.425340178109664
Stadion żużlowy Golęcin,,stadium,,16.888101207618735,52.42728816394984
Świnka zwisłobrzucha,,,attraction,16.907075630614532,52.40787262576405
Lemury,,,attraction,16.906893650000004,52.407616399999995
,,track,,16.844973659987723,52.424387663284215
,,track,,16.845221200000005,52.42379380000001
Nosorożce,,,attraction,17.01013727145242,52.398983758038774
Żyrafy,,,attraction,17.011753257454455,52.399288971155286
Kompleks sportowo-rekreacyjny w Czerwonaku,,sports_centre,,16.98846540705131,52.46788373064913
,,track,,16.892685748686958,52.42425822921099
,,track,,16.89083410166501,52.42485006980539
,,track,,16.88986580000002,52.425716950000016
,,track,,16.889807500000018,52.425779950000006
,,track,,16.889751349999997,52.42581040000001
,,track,,16.889674459836662,52.42588385182549
Oryks południowy,,,attraction,17.009726294973152,52.400532397931954
Lwy,,,attraction,17.01270031882811,52.40157379525593
,,track,,16.94970251764386,52.455991402147596
Poznański Rejon Wspinaczkowy,,sports_centre,attraction,16.96257414694262,52.425120542166574
Laba Land,community_centre,,,16.94465552169446,52.42630582298049
,,track,,16.935187850148218,52.44096031542515
Korty Tenisowe Janikowo,,sports_centre,,17.035007737644897,52.44520599099221
Króliki domowe,,,attraction,16.90457170347693,52.40752951862152
Letni wybieg żółwi lądowych,,,attraction,16.903373099865448,52.40877939185213
Lis polarny,,,attraction,16.904364078843894,52.40876356401416
"Żółw grecki, żółw stepowy",,,attraction,16.904139808263796,52.408783208470666
Karuzela,,,attraction,16.907155919452087,52.40814070005012
Black Horse,,sports_centre,,16.813478737658805,52.38953416732317
E1 Gokart: halowy tor kartingowy,,sports_centre,,16.805371504847738,52.39252925829606
,,track,,16.86974365,52.41042875
,,track,,16.869626983426713,52.41012146365628
,,track,,16.884589350077068,52.41497535372569
Eve&Culture,arts_centre,,,16.87431291515606,52.42020653786637
,,track,,16.81338605944958,52.38419688412876
KS Stomil - Sekcja Kajakowa,,sports_centre,,16.94133415588384,52.39319083116232
Chwiałka,,ice_rink,,16.928840217520573,52.39224836972491
"Oś: Rogacz, Dzik 1-2, Zając 1-2",,sports_centre,,17.028910678519686,52.42037109542196
Przedszkole dla zwierząt,,,attraction,17.000417260614125,52.39961401696351
Pandki Rude,,,attraction,16.99992739605638,52.399735777392195
,,track,,16.92019090488126,52.38471329698659
Uniwersytet Artystyczny im. Magdaleny Abakanowicz,university,,gallery,16.937020519513116,52.410112532482685
,,stadium,,16.941357110990438,52.468492226984466
