name,shop,amenity,latitude,longitude
Żabka,supermarket,,50.788469,19.0857107
Biedronka,supermarket,,50.8274666,19.1065434
Żabka,convenience,,50.8160187,19.0974969
Żabka,convenience,,50.822415,19.0785005
Żabka,convenience,,50.8315249,19.0843829
"Delikatesy ""Rarytas""",convenience,,50.8316536,19.0822533
Lewiatan,convenience,,50.8297751,19.0727039
Biedronka,supermarket,,50.8305205,19.0688952
Społem,supermarket,,50.7833023,19.1398855
Lewiatan,convenience,,50.7863168,19.137436
Żabka,convenience,,50.7833194,19.137706
,,marketplace,50.7820717,19.1393234
Lux Mini Społem,convenience,,50.7868009,19.1380248
Auchan,supermarket,,50.8374174,19.1160357
Żabka,convenience,,50.7807915,19.0982456
A&D Wafelek,supermarket,,50.7759123,19.0976662
Netto,supermarket,,50.7865192,19.1476091
Kaufland,supermarket,,50.8249787,19.099772
Biedronka,supermarket,,50.8393245,19.1266315
Żabka,convenience,,50.7605607,19.0631492
Lewiatan,convenience,,50.7638716,19.0398061
Żabka,convenience,,50.8040676,19.1111313
Żabka,convenience,,50.8119622,19.1068732
Społem,supermarket,,50.8109792,19.1188429
Delikatesy ELMAS (Czynne 24h),convenience,,50.8520347,19.1281424
Biedronka,supermarket,,50.834441,19.1239271
Żabka,convenience,,50.8249152,19.1086432
Lewiatan,convenience,,50.8263852,19.1172959
,convenience,,50.8264204,19.1223522
Żabka,convenience,,50.8278471,19.116708
Żabka,convenience,,50.8113283,19.1262295
Groszek,convenience,,50.815153,19.1178812
Gama,convenience,,50.8155472,19.1151774
Aldi,supermarket,,50.7829434,19.1390337
IWA - sklep spożywczy,convenience,,50.7839258,19.1341026
,,marketplace,50.8016251,19.1509453
Wafelek,supermarket,,50.7840022,19.1400144
Sklep spożywczy,convenience,,50.8217889,19.0914513
Żabka,convenience,,50.8101977,19.1121442
Biedronka,supermarket,,50.8073015,19.133047
Żabka,convenience,,50.8024642,19.1059134
Lewiatan,convenience,,50.7813661,19.1567077
Biedronka,supermarket,,50.8120452,19.0830824
Lidl,supermarket,,50.8058614,19.141701
Żabka,convenience,,50.832075,19.1151412
Paśnik,convenience,,50.8081257,19.1069448
Żabka,convenience,,50.8087884,19.1160928
,convenience,,50.8299736,19.1161378
Społem,convenience,,50.8302982,19.1160624
Bax,convenience,,50.8268276,19.1169958
Żabka,convenience,,50.8253609,19.112329
Lewiatan,convenience,,50.8259659,19.1135047
Żabka,convenience,,50.8103562,19.1075681
Grosik,convenience,,50.8099554,19.1115595
,convenience,,50.8100673,19.1096185
Lewiatan,convenience,,50.8210038,19.0999191
Lewiatan,supermarket,,50.8230327,19.0959843
Żabka,convenience,,50.8104857,19.1225289
Kupiec,convenience,,50.8218708,19.1183131
Karina,convenience,,50.8462401,19.1076399
Odido,convenience,,50.8471115,19.1077606
ABC,convenience,,50.8621404,19.1090173
Biedronka,supermarket,,50.7719012,19.1511302
,convenience,,50.7742858,19.1506226
POLOmarket,supermarket,,50.8448057,19.1280341
Spożywczo-monopolowy,convenience,,50.775689,19.1491148
,convenience,,50.831996,19.113452
,convenience,,50.8322468,19.1135432
Społem,convenience,,50.8160623,19.1291496
Społem,convenience,,50.8116891,19.119496
Alex-Pol,convenience,,50.8275048,19.1114687
,convenience,,50.8274251,19.1110798
,convenience,,50.8142628,19.1068489
Społem,convenience,,50.814274,19.1077797
Delikatesy Jędryka,convenience,,50.8142719,19.1076332
,convenience,,50.8720822,19.1697836
Żabka,convenience,,50.8275497,19.1104957
Społem,supermarket,,50.8394471,19.1598797
Żabka,convenience,,50.8054504,19.1450361
Lewiatan,convenience,,50.8048785,19.1456172
Społem,convenience,,50.8013464,19.1108753
abc,convenience,,50.8014009,19.1104554
Żabka,convenience,,50.7997364,19.1158043
Społem,convenience,,50.8024979,19.1057257
Żabka,convenience,,50.8464426,19.1318799
Społem,convenience,,50.8471501,19.1309355
Lewiatan,supermarket,,50.8437466,19.1358197
Żabka,convenience,,50.8068667,19.1107853
Lewiatan,supermarket,,50.8041363,19.090054
Żabka,convenience,,50.8212382,19.0695646
Żabka,convenience,,50.8129651,19.1219934
Zdrowa Żywność,convenience,,50.8144167,19.1212468
Żabka,convenience,,50.8121286,19.1197882
Żabka,convenience,,50.8121809,19.1270203
,convenience,,50.811916,19.1088066
Żabka,convenience,,50.8117315,19.1173088
Żabka,convenience,,50.8122406,19.1144515
Lewiatan,convenience,,50.8056322,19.1077026
,convenience,,50.8159764,19.0953828
Żabka,convenience,,50.813507,19.1126641
Społem,convenience,,50.8421763,19.1258737
Żabka,convenience,,50.8115826,19.1243623
Sklep spożywczo-monopolowy,convenience,,50.7760498,19.148335
Odido,convenience,,50.7612858,19.0640885
Żabka,convenience,,50.8249308,19.0982727
Społem,convenience,,50.8193371,19.2033603
Żabka,convenience,,50.8180959,19.1191639
Odido,convenience,,50.8426078,19.1341354
"Abc ""Agata""",convenience,,50.8417383,19.1342633
Społem,convenience,,50.8423943,19.13423
Żabka,convenience,,50.8395292,19.1356009
Sklep spożywczo-monopolowy,convenience,,50.8394101,19.1356304
Abc - sklep spożywczy,convenience,,50.8393523,19.1356451
Wafelek,convenience,,50.8395675,19.162284
Żabka,convenience,,50.8402333,19.1726121
Biedronka,supermarket,,50.8408633,19.1737754
Żabka,convenience,,50.8387741,19.1634707
Lewiatan,supermarket,,50.8390579,19.1627866
Żabka,convenience,,50.8089349,19.1179135
Żabka,convenience,,50.8056609,19.1175393
Społem,convenience,,50.8022397,19.1180727
Społem,convenience,,50.8127405,19.1285718
Żabka,convenience,,50.8081759,19.1224344
Lewiatan,convenience,,50.8165125,19.1287797
Społem,convenience,,50.8370253,19.1560455
Żabka,convenience,,50.8015697,19.117531
,convenience,,50.8076361,19.1224155
Żabka,convenience,,50.8137,19.1311304
Społem,convenience,,50.8161055,19.1189772
Żabka,convenience,,50.8125606,19.1180394
Delikatesy Centrum,convenience,,50.7867073,19.1488087
Lewiatan,supermarket,,50.7867548,19.086735
Dla Ciebie,convenience,,50.8380872,19.058937
Żabka,convenience,,50.8364491,19.0604036
Żabka,convenience,,50.8069171,19.1183164
Toffee & Coffee,convenience,,50.8101306,19.1175841
Społem,convenience,,50.8116891,19.119703
,convenience,,50.8027353,19.1287181
Społem,convenience,,50.8222317,19.1210437
Auchan,supermarket,,50.8062876,19.1159523
abc,convenience,,50.8146625,19.1187207
Żabka,convenience,,50.7858507,19.0864337
Żabka,convenience,,50.7939306,19.0887955
Żabka,convenience,,50.795408,19.0969514
abc,convenience,,50.7956758,19.0968606
Lewiatan,supermarket,,50.7957654,19.0978973
Społem - delikatesy,convenience,,50.8471385,19.1309425
Żabka,convenience,,50.7935944,19.102309
Żabka,convenience,,50.8268981,19.0553045
Żabka,convenience,,50.8157353,19.1139227
Halina,convenience,,50.8234833,19.0982452
Żabka,convenience,,50.830823,19.1047338
Smykuś,convenience,,50.8368111,19.123784
,convenience,,50.7704323,19.083323
Żabka,convenience,,50.8249847,19.0943807
Społem,convenience,,50.7723401,19.1509767
Żabka,convenience,,50.8102756,19.0980697
Żabka,convenience,,50.8098333,19.0933752
Żabka,convenience,,50.7634628,19.0949619
Rynek Prezydenta RP Gabriela Narutowicza,,marketplace,50.811728543469336,19.138386656794545
M1 Częstochowa,mall,,50.83752116166174,19.116893853190028
Centrum Handlowe Estakada,mall,,50.78337993018548,19.142042108437163
Społem,convenience,,50.811004571293346,19.107875907589328
Żabka,convenience,,50.81138645638062,19.105828551010447
Aniołów Park,mall,,50.82407409808794,19.143863628695044
Netto,supermarket,,50.80474626258867,19.101907200362856
Biedronka,supermarket,,50.806723137768124,19.10173422769812
Pasaż 49,mall,,50.811606485977954,19.111641943897357
Lidl,supermarket,,50.78012510561631,19.147270368745776
Lidl,supermarket,,50.81694987097374,19.098662966240123
Galeria Jurajska,mall,,50.80770719477134,19.131396656854015
Żabka,convenience,,50.791204637228425,19.025957256532106
C.H. Fortuna,mall,,50.781154008366755,19.144233594016846
"Targowisko ""Wały Dwernickiego""",,marketplace,50.81319281875736,19.12101302237273
Biedronka,supermarket,,50.78330554972143,19.09819714698246
Auchan,mall,,50.8062267462837,19.115742134410617
Auchan,supermarket,,50.761639826678554,19.06149020254176
Biedronka,supermarket,,50.81758448742962,19.105874203525975
,convenience,,50.77005987934605,19.14454184606035
Odido,convenience,,50.80905090864867,19.112111667629858
Market na Czerwonym,,marketplace,50.810129974900796,19.11741193935726
Biedronka,supermarket,,50.817063588459185,19.128242006525063
Targowisko,,marketplace,50.81064139873401,19.119159133566633
Biedronka,supermarket,,50.80953008303682,19.11912146318382
Lidl,supermarket,,50.8018051300193,19.116431407128406
Netto,supermarket,,50.792420924453054,19.12711300210741
Circle K,convenience,,50.83558536914334,19.11657150772506
Żabka,convenience,,50.80552793531062,19.106632269155284
Aldi,supermarket,,50.803566870934525,19.112560576746986
Żabka,convenience,,50.799945925218836,19.110474719705156
Lewiatan,convenience,,50.801438744039764,19.108405321041765
Biedronka,supermarket,,50.81360204961141,19.12996232439129
Delikatesy MINI,convenience,,50.80828453234273,19.14226697447478
,mall,,50.825159263558554,19.098835387812105
Biedronka,supermarket,,50.82154840405674,19.09382642707109
Biedronka,supermarket,,50.78092440639137,19.146251517959204
PSS Społem,convenience,,50.784349150000004,19.15485025
Żabka,convenience,,50.82543898257759,19.118367974488656
Euro Sklep,supermarket,,50.82587284070652,19.114577443449722
Lidl,supermarket,,50.83337786501348,19.105281662600703
Netto,supermarket,,50.80329228006986,19.091387427240907
Lewiatan,supermarket,,50.78592655924468,19.01487049803714
Żabka,convenience,,50.80190362652317,19.109932163497742
Żabka,convenience,,50.79490342993683,19.04156264233892
Delikatesy Centrum,supermarket,,50.79512888726983,19.04201028709481
Biedronka,supermarket,,50.799266325078904,19.06304799272093
Społem,convenience,,50.76721281655761,19.151836508750574
Żabka,convenience,,50.82606658060979,19.115425934875983
Spar,supermarket,,50.82619224466124,19.077838073480944
Aldi,supermarket,,50.82336467127369,19.10420272057383
Amanda,convenience,,50.830146478034486,19.116094123523293
Pasaż,mall,,50.812202429473935,19.123069383408406
SEKA,mall,,50.812192140187825,19.122739423504225
Biedronka,supermarket,,50.82534495489357,19.09213733894116
Slovnaft Partner,convenience,,50.74772803676346,19.044991220750788
Lidl,supermarket,,50.84661251263222,19.125765097407697
Lewiatan,supermarket,,50.77937394189418,19.134124937220932
Netto,supermarket,,50.8412790266632,19.1637138552388
Vollmart,supermarket,,50.799463731289414,19.116384352812698
Lewiatan,supermarket,,50.85102927212087,19.127235129642823
Lidl,supermarket,,50.82278029511743,19.080187627507623
Warzywniak,convenience,,50.846368280993474,19.13231257219033
Żabka,convenience,,50.84607375454557,19.185762544730093
,convenience,,50.84346585421669,19.137129024816776
Groszek,convenience,,50.83702802569377,19.12719513443285
Biedronka,supermarket,,50.810933615956635,19.141098715831088
Biedronka,supermarket,,50.834631080140234,19.104116804378492
"Plac Handlowy ""Jacek""",,marketplace,50.813759674763276,19.12036659027715
Kaufland,supermarket,,50.785304457735066,19.129285333962248
Plejada,mall,,50.81214762536664,19.123279588951796
Dino,supermarket,,50.7624756,19.093889599999997
Dino,supermarket,,50.77680204999999,19.09643165
Lidl,supermarket,,50.81947437199082,19.129784915137396
Dino,supermarket,,50.811572169027194,19.14026864107548
Biedronka,supermarket,,50.74748345246045,19.044374477837266
Centrum Handlowe Jagiellończycy,mall,,50.782979788180384,19.14290772072894
,,marketplace,50.810486680522544,19.118462562754075
Dino,supermarket,,50.79756415000001,19.1528196
Biedronka,supermarket,,50.823319007827145,19.11811448988923
Żabka,convenience,,50.836063251337876,19.128127550007623
Lidl,supermarket,,50.82930185963775,19.115252024034465
Lewiatan,convenience,,50.773271429872615,19.119265688987166
Carrefour,supermarket,,50.8243058676781,19.14335238326023
Puchatek,mall,,50.81250598459386,19.128693161603742
