name,amenity,leisure,tourism,latitude,longitude
Marabut,,,artwork,52.4083273,16.9073128
Muzeum Historii Miasta Poznania,,,museum,52.4086025,16.9340392
Kino Muza,cinema,,,52.4065954,16.9265909
Ośrodek Kultury Wierzbak,arts_centre,,,52.4246343,16.9089705
Teatr Ósmego Dnia,theatre,,,52.4082052,16.9253898
Pręgierz,,,attraction,52.408389,16.9342987
Galeria Miejska Arsenał,,,gallery,52.4079984,16.933301
Filharmonia Poznańska,theatre,,,52.4078848,16.9159902
Stary Marych,,,artwork,52.4051398,16.9312091
Van Diesel,nightclub,,,52.4089306,16.9332879
Club Havana,nightclub,,,52.4074772,16.9332229
Czekolada,nightclub,,,52.406101,16.9326987
Cuba Libre,nightclub,,,52.406398,16.9331346
Neferetete,nightclub,,,52.4087886,16.9358565
Muzeum Komunikacji Miejskiej,,,museum,52.3860887,16.9140045
Pracownia Portret,arts_centre,,,52.4087622,16.9214556
BodyFemme,,fitness_centre,,52.4116998,16.9076626
Balzac,nightclub,,,52.4078207,16.9180052
Blueberry Bar,nightclub,,,52.4068917,16.9242015
Blue Note,nightclub,,,52.4081069,16.9193975
Paw,,,artwork,52.4047731,16.9188579
Rozbrat,arts_centre,,,52.4174816,16.91858
Climbing Spot,,sports_centre,,52.4181957,16.9245281
,,,viewpoint,52.4089962,16.9315859
Tama,nightclub,,,52.4025325,16.9223458
Charlie Monroe Kino Malta,cinema,,,52.4026658,16.9318235
Blok Line,,sports_centre,,52.3738941,16.9807459
Cinema City,cinema,,,52.4420945,16.9189495
Dawny Przeciwatomowy Schron dla Władz Miasta Poznania,,,museum,52.4413113,16.8081399
BoJack i Diane,,,artwork,52.4121814,16.8445111
Poznańskie koziołki,,,artwork,52.4066411,16.9351411
Siłownia Słodkiewicz,,sports_centre,,52.3947307,16.9444461
Bowling POSiR,,bowling_alley,,52.3841012,16.9383865
Planet VR,,amusement_arcade,,52.4086754,16.9421862
Dom Kultury Stokrotka,arts_centre,,,52.3833534,16.8211735
Climbing Spot Widłakowa,,sports_centre,,52.4726126,16.9464659
Poznańska Wenecja,,,artwork,52.4078643,16.940172
Studnia Higiei,,,artwork,52.4081636,16.928731
Bułgarska 19,cinema,,,52.3992108,16.8622564
FitSwim,,sports_centre,,52.3959925,16.9249217
Dziewczynka z misiem,,,artwork,52.3840375,16.9473157
W przestrzeni,,,artwork,52.3899527,16.9477155
Puchatek,,sports_centre,,52.3996202,16.9871617
Mój Teatr,theatre,,,52.409509,16.8931406
"Piątkowskie Centrum Kultury ""Dąbrówka""",arts_centre,,,52.4496196,16.9167935
Stacja Podolany,,sports_centre,,52.447708,16.8938265
,,,artwork,52.4056612,16.9447875
Dziewczynka i chłopiec z Trytonem,,,artwork,52.3983825,16.9026783
Dziewczynka i chłopiec z Trytonem,,,artwork,52.398427,16.90285
SU-22M4,,,attraction,52.4015039,16.9505305
Muzeum Powstania Poznańskiego – Czerwiec 1956,,,museum,52.4076825,16.9189184
Zyga Latarnik,,,artwork,52.4037106,16.9425251
Niebieskookie kobiety,,,artwork,52.4100755,16.937238
Muzeum Instrumentów Muzycznych,,,museum,52.4080417,16.9347384
Muzeum Literackie Henryka Sienkiewicza,,,museum,52.4088834,16.9327177
Muzeum Farmacji,,,museum,52.4074963,16.9297059
kameralna bawialnia,community_centre,,,52.4216315,16.9729256
Game World,,amusement_arcade,,52.4026408,16.9293799
Fitness Point,,sports_centre,,52.4067302,16.9277107
Pacha Poznań,nightclub,,,52.4079913,16.9312187
Organic fitness,,fitness_centre,,52.3631139,16.9030094
Chorągiew Wielkopolska ZHP,community_centre,,,52.4080516,16.9187146
Dom Polonii,community_centre,,,52.4076533,16.9345671
Klub u Bazyla,nightclub,,,52.416831,16.9117032
Klub Studencki Cicibór,nightclub,,,52.4290426,16.9172676
ODK Bajka,community_centre,,,52.4385731,16.9335735
,,,artwork,52.4030085,16.9270078
Zabawa w teatr,,,artwork,52.3898935,16.9712484
Misie,,,artwork,52.3898541,16.9715703
Mały Dżokej,,,artwork,52.3893729,16.9706572
Obszar obrazów efemerycznych,,,artwork,52.407354,16.9150142
Chłopiec z psem,,,artwork,52.4039798,16.9340539
Profesor,,,artwork,52.4040287,16.9338947
Dziewczynka,,,artwork,52.4040833,16.9340459
,,,viewpoint,52.3847583,16.8677664
Górka saneczkowa,,,attraction,52.3997502,16.9247616
,,,viewpoint,52.4051164,16.8508544
Waza,,,artwork,52.4095009,16.9174638
Waza,,,artwork,52.409619,16.9169295
,,,artwork,52.418235,16.9290623
Kufel,,,artwork,52.4018663,16.9271129
An-2,,,attraction,52.4210094,16.9326125
Ił-28,,,attraction,52.4206604,16.9324916
Jak-12M,,,attraction,52.4206436,16.932763
LIM-5,,,attraction,52.4208814,16.9326994
MiG-15,,,attraction,52.4201119,16.9329699
MiG-21,,,attraction,52.4210136,16.9323868
Helikopter SM-1,,,attraction,52.4204278,16.932974
Su-20,,,attraction,52.4209155,16.9322822
TS-11 Iskra,,,attraction,52.4206961,16.9322815
Kompozycja,,,artwork,52.4209849,16.9353533
Zwierzę,,,artwork,52.4211408,16.936195
Kosmonauta,,,artwork,52.4238043,16.9369876
Braterstwo broni,,,artwork,52.4196641,16.9348411
Matka z dzieckiem,,,artwork,52.4220341,16.938164
Maszkarony,,,artwork,52.4220715,16.9439129
Mewy,,,artwork,52.4209243,16.9397437
Piast i Rzepicha,,,artwork,52.421464,16.9381144
Niedziela z lamą,,,artwork,52.4208373,16.9408868
Nike,,,artwork,52.4197922,16.9366172
IS-2,,,attraction,52.4199798,16.9329768
T-55,,,attraction,52.4199745,16.9327934
T-72,,,attraction,52.4199311,16.9327418
Helikopter Mi-2P,,,attraction,52.4204421,16.9328375
,,,artwork,52.4219613,16.9385023
Don Kichot,,,artwork,52.421669,16.9331544
Gimnastyczka,,,artwork,52.4220841,16.9376754
Kompozycja,,,artwork,52.4211267,16.931278
Płaczący kamień,,,artwork,52.4187913,16.933378
Rodzina,,,artwork,52.4208401,16.9322535
Róża,,,artwork,52.4246023,16.9316139
Skrzydlaty,,,artwork,52.4192006,16.9386955
Skrzypaczka,,,artwork,52.4205869,16.9381167
Wyścig,,,artwork,52.4188814,16.9344479
Zakochani,,,artwork,52.420069,16.9389159
Zryw,,,artwork,52.4231514,16.9311326
Zwycięstwo,,,artwork,52.4234743,16.9386861
Żalek,,,artwork,52.4220895,16.9368566
Żalek,,,artwork,52.4222091,16.9368856
KontenerART,arts_centre,,,52.4059058,16.9447664
Cyryl Club,community_centre,,,52.4114237,16.92707
Dom Tramwajarza,community_centre,,,52.4103576,16.9082019
Lokomobila HCP,,,attraction,52.3824107,16.9117024
Teatr Muzyczny,theatre,,,52.4022554,16.9237047
Wake Park Malta,,sports_centre,,52.4067554,16.9572656
Dom Kultury Kolejarza,community_centre,,,52.4055158,16.9189318
,,,artwork,52.408793,16.9310432
,,,viewpoint,52.4091363,16.9317863
Makieta dawnego Poznania,,,attraction,52.4082756,16.9308939
Rogalowe Muzeum Poznania,,,museum,52.4083783,16.935015
Baker Street,nightclub,,,52.4055564,16.9271815
Staw Edy,,,viewpoint,52.3596079,16.8768254
,,,viewpoint,52.3583636,16.8778093
,,,artwork,52.4043977,16.9441304
1944 Pamiętamy,,,artwork,52.4008001,16.8848311
Stella,,,artwork,52.4083011,16.9292149
Extravagance,nightclub,,,52.4076955,16.9326132
,,,attraction,52.4006171,16.9332968
,,,attraction,52.400677,16.9332176
,,,attraction,52.4007223,16.9334044
,,,attraction,52.4007428,16.9330149
,,,attraction,52.4035667,16.9364472
Powódź 1736,,,attraction,52.4077528,16.9344722
,,,attraction,52.4110317,16.9466305
,,,attraction,52.416295,16.9346625
Helios,cinema,,,52.3976863,16.9563263
Plus Jeden Poznań Coworking,community_centre,,,52.406271,16.9362913
Dwoje pod parasolem,,,artwork,52.4191402,16.8794496
Lucie,,,artwork,52.3984936,16.953856
"Dom Kultury ""Jędruś""",community_centre,,,52.3798636,16.9511596
Słoń,,,artwork,52.3840233,16.9477539
Smarkateria,community_centre,,,52.4103435,16.9105871
W tańcu,,,artwork,52.386627,16.9463627
,,,artwork,52.4074267,16.8714541
Podróż na ślimaku,,,artwork,52.3898159,16.9723001
Lot,,,artwork,52.3862779,16.9512433
Kompozycja - otwieranie,,,artwork,52.3903143,16.9423074
Rodzina,,,artwork,52.3899235,16.968339
Pokój,,,artwork,52.3923399,16.9491452
Asz.teatr,theatre,,,52.4495344,16.9168015
"Dom Kultury ""Na Pięterku""",community_centre,,,52.3777117,16.9602946
"Dom Kultury ""Polan 100""",community_centre,,,52.3837208,16.9601977
"Dom Kultury ""Jagiellonka""",community_centre,,,52.3909323,16.9530554
Lokomotywa Ty51-183,,,attraction,52.3968737,16.8609342
Gracie Barra,,sports_centre,,52.4080311,16.912681
Mural Lecha Poznań,,,artwork,52.405898,17.0401722
,,,artwork,52.4047225,16.9535538
KS Pocztowiec,,sports_centre,,52.4021124,16.9480449
Fair Play,,,artwork,52.4007057,16.9475539
Fabryka Formy,,fitness_centre,,52.3526509,16.8400154
Dłubanka Mokoro,,,artwork,52.4020855,16.9000528
Koziołki,,,artwork,52.3863638,16.9754426
Mural Lecha Poznań,,,artwork,52.4106004,16.9504335
Coraz Lepiej,nightclub,,,52.4061738,16.933085
Czarna Owca,nightclub,,,52.406244,16.9323242
Club 13.13,nightclub,,,52.4100827,16.934484
Ssaki drapieżne,,,attraction,52.4014473,17.0001288
Ptaki drapieżne i sowy,,,attraction,52.4020361,17.0027623
Flamingi,,,attraction,52.3965868,16.9986509
Huśtawka wodna,,,attraction,52.4024041,16.9866433
Kibice Razem Lech Poznań,community_centre,,,52.4129173,16.9546571
Dwie kobiety,,,artwork,52.4234543,16.9009549
,,,artwork,52.4135755,16.9051945
Sofit studio,,sports_centre,,52.4083781,16.9436385
Klub Muzyczny B17,nightclub,,,52.397296,16.8591877
Don Kichot,,,artwork,52.4310519,16.9413383
Jump Arena Rataje,,trampoline_park,,52.3777083,16.9791109
Yoga Friends Poznań,,sports_centre,,52.3977037,16.8953864
Laser Tag Poznań,,sports_centre,,52.4451284,16.9165114
"Osiedlowy Dom Kultury ""Wiktoria""",community_centre,,,52.4390354,16.9299741
Bunuba Klub,nightclub,,,52.4092449,16.9365843
Światowid,clock,,attraction,52.4075109,16.9117742
Kozły poznańskie,,,artwork,52.3922185,16.9513414
Stajnia CrossFit,,fitness_centre,,52.3763956,16.8695373
Sztuczna ruina,,,attraction,52.4960052,16.9555835
Prywatka Poznań,nightclub,,,52.4055947,16.9208789
,,,viewpoint,52.4799735,16.9031885
Centrum Bukowska,community_centre,,,52.4084834,16.897942
Fontanna Wolności,,,attraction,52.4080323,16.9282217
PIX.HOUSE,,,gallery,52.3994011,16.9050836
Mieszkanie-Pracownia Kazimiery Iłłakowiczówny,,,museum,52.4090452,16.9079791
Well Fitness,,fitness_centre,,52.4045825,16.9306864
CyberMachina,,amusement_arcade,,52.4087597,16.9220551
Trops,nightclub,,,52.3980674,16.9488623
Centrum Inicjatyw Senioralnych,community_centre,,,52.4092054,16.9234794
Teatr Animacji,theatre,,,52.4081466,16.919154
Centrum Kultury Zamek,arts_centre,,,52.407776,16.9191858
Axis,,,artwork,52.4600609,16.8285498
Atlantis Fitness,,fitness_centre,,52.4285744,16.9433668
Basen Posnania,,sports_centre,,52.4284766,16.943684
,,,viewpoint,52.3992702,16.9010483
Metaliczna Symfonia,,,artwork,52.4000466,16.9007299
Metaliczna Symfonia,,,artwork,52.4003438,16.9006421
Cortique,theatre,,,52.4131214,16.9076415
Dram Whisky Explorers Bar,nightclub,,,52.4090917,16.9339582
Ceramiczna Ściana Dekoracyjna,,,artwork,52.4082778,16.9116842
Dark House - Escape Room,,escape_game,,52.4049771,16.9391442
Projekt Fifna,arts_centre,,,52.4092388,16.9084429
Wilk,,,artwork,52.4078046,16.9061528
Krokodyl,,,artwork,52.4082193,16.9063566
Pelikany,,,artwork,52.4077383,16.9059718
Małpa,,,artwork,52.4082652,16.9067971
Koń,,,artwork,52.4081958,16.9064416
Mini park linowy Stare Zoo,,sports_centre,,52.4085076,16.9063714
Hades,nightclub,,,52.4079322,16.9180137
Schron,nightclub,,,52.4051396,16.9212549
Hyćka Klub,nightclub,,,52.4068184,16.920807
Business Link Maraton,community_centre,,,52.3991758,16.9318522
Karuzela,,,theme_park,52.4001483,16.9796573
Wielka Spluwa Laser Tag,,sports_centre,,52.4121788,16.9335397
Plan osiedla Piastowskiego,,,artwork,52.3969558,16.9423788
Mood for Wood,,,artwork,52.3870343,16.973238
Mood for Wood,,,artwork,52.3881181,16.9868042
Fragment muru Twierdzy Poznań,,,attraction,52.3992669,16.9313896
,theatre,,,52.4069293,16.9444625
,,,artwork,52.4082953,16.9573408
Parowóz Tx26-423,,,attraction,52.4083748,16.9573863
Mood for wood,,,artwork,52.389428,16.9737958
Tetris,,,artwork,52.3889964,16.9877828
Tetris,,,artwork,52.3891852,16.9885581
Łączy pokolenia,,,artwork,52.388484,16.9817778
Łączy pokolenia,,,artwork,52.3960411,16.9442473
Tetris,,,artwork,52.3940504,16.9448901
Tetris,,,artwork,52.3870427,16.9422038
Tetris,,,artwork,52.3905525,16.9435572
Tetris,,,artwork,52.3925441,16.9429064
Tetris,,,artwork,52.3890293,16.9415626
I to mi zostało,,,artwork,52.3802773,16.9518701
Krystyna Feldman,,,artwork,52.3810734,16.9516137
Zielona Symfonia,,,artwork,52.4113243,16.9518472
Point Dance Studio,,dance,,52.4101958,16.9090408
Saga,,fitness_centre,,52.4071191,16.907629
billaboom,,sports_centre,,52.4091695,16.9105138
,,,artwork,52.3845608,16.9178787
Grand Casino,casino,,,52.4007938,16.8932445
Kaponiera Kolejowa,,,attraction,52.4078364,16.9127624
Koziołki poznańskie,clock,,attraction,52.4085235,16.934244
Galeria mil’ART,,,gallery,52.4099296,16.9339822
Blubry 6D,,,gallery,52.4100044,16.9340019
Gear UP!,flight_school,amusement_arcade,,52.4024924,16.9303672
Muzeum Broni Pancernej,,,museum,52.4271017,16.8481261
Górka spotterska,,,viewpoint,52.4193879,16.8219069
Górka spotterska,,,viewpoint,52.4205469,16.8161197
Zakaz wyprowadzania sów,,,artwork,52.390734,16.9010257
Macierzyństwo,,,artwork,52.394443,16.93562
Korty tenisowe KW04,,sports_centre,,52.3959406,16.9375233
Obraz pożerający narzędzia rekreacji,,,artwork,52.4612271,16.8278601
Gwiazda,,,artwork,52.4611917,16.8264259
Living Sugar,,,artwork,52.46029,16.828974
"Królik, który widział jutro",,,artwork,52.4600425,16.829908
CityFit,,fitness_centre,,52.4375015,16.9191944
PZL TS-8 Bies,,,attraction,52.3843417,16.883664
Orzeł Biały,,,artwork,52.3777283,16.962656
100,,,artwork,52.4078924,16.9164221
Waga,,,attraction,52.4069955,16.928383
,,,artwork,52.4142053,16.9517553
Muzeum Ziemi,,,museum,52.4634657,16.9418657
Personifikacja Poczty,,,artwork,52.4071333,16.9177744
Słoń,,,artwork,52.3862274,16.9789661
UP Pixel,,fitness_centre,,52.3907379,16.8583197
2Progi Club,nightclub,,,52.4149355,16.9264711
,,,attraction,52.3678025,16.9290589
Tu wszystko się zaczęło,,,artwork,52.4125825,16.9484875
Totemy,,,artwork,52.4068322,16.9113264
Klub Uczelniany AZS Politechniki Poznańskiej,,sports_centre,,52.4028806,16.948093
Dark Angels,nightclub,,,52.407302,16.9381313
HAH Poznań,nightclub,,,52.4115998,16.9360236
,,,artwork,52.3990667,16.8959712
,,,artwork,52.3991474,16.8960122
,,,artwork,52.3991482,16.8953816
,,,artwork,52.3991719,16.8952453
Stary Kształt – Nowa Brutalność,,,artwork,52.4147819,16.8269369
POZnan*,,,artwork,52.4148314,16.8276794
,,,gallery,52.4062184,16.9346047
Łęctwo,,,gallery,52.3956689,16.9034015
X-Demon Poznań,nightclub,,,52.4080653,16.93161
T-34,,,attraction,52.4198475,16.9329361
Golem,,,artwork,52.4098416,16.9293192
Koła olimpijskie,,,artwork,52.3987559,16.8922505
Koła olimpijskie,,,artwork,52.397063,16.8934914
Wypędzeni,,,artwork,52.4031331,16.9168405
Mozaika Matki Bożej,,,artwork,52.4593908,16.9205527
KoLiber Poznań,community_centre,,,52.4075678,16.9217936
Dziewczyna z kwiatami,,,artwork,52.3993488,16.9280626
Kolorowe Latarnie,,,artwork,52.4069571,16.9226636
Dn2t Baziel,,,attraction,52.3845592,16.9557926
Tkt48-130,,,attraction,52.3843983,16.9550726
,,,artwork,52.4073614,17.0450194
Gym World,,fitness_centre,,52.4483736,16.894714
Bodywork,,fitness_centre,,52.4182754,16.8910445
Body Lab One,,fitness_centre,,52.4456637,16.9475858
Flaming,,,artwork,52.3967022,16.9365695
Dwór Grunwaldzki,,sports_centre,,52.3713218,16.9340869
Logo CH Posnania,,,artwork,52.3962367,16.9530333
Logo CH Posnania,,,artwork,52.3982889,16.9537354
EDU-ARTO,arts_centre,,,52.4552253,16.9457381
Metrum,,dance,,52.4496459,16.9415753
Paintball,,sports_centre,,52.4573965,16.9370888
,,,artwork,52.4104675,16.9371147
Leżąca w słońcu,,,artwork,52.4035687,16.8901698
,,,artwork,52.4744142,16.7823333
,,,artwork,52.4051061,16.8995061
Orle Gniazdo,,,artwork,52.3906886,16.9753878
💀,,,artwork,52.4091893,16.9357251
💀,,,artwork,52.4091622,16.9357174
Strajk w Stoczni Gdańskiej 1980,,,artwork,52.435441,16.9378152
Senioralni,,,artwork,52.4074386,16.9359443
,,,artwork,52.4079622,16.9128227
Konstytucja,,,artwork,52.408456,16.9246175
,,,artwork,52.3624164,16.9074432
Charlie Chaplin,,,artwork,52.4073847,16.935218
Charlie Chaplin,,,artwork,52.4073927,16.9351091
Escape room,,,artwork,52.411738,16.934475
Pies,,,artwork,52.4110169,16.9132604
Włoski portret,,,artwork,52.3979856,16.9189999
Stanisław Barańczak,,,artwork,52.4041471,16.9209432
Dzień dobry w Poznaniu,,,artwork,52.405332,16.9278283
,,,artwork,52.4102669,16.9467649
,,,artwork,52.4155054,16.9313961
Strefa legalnego graffiti,,,artwork,52.386055,16.9069327
,,,artwork,52.4042872,16.9420249
Poznań,,,artwork,52.3842733,16.8878923
Jeżeli porcelana to wyłącznie taka,,,artwork,52.4110296,16.940166
Zwierciadło,,,artwork,52.4110379,16.9400101
Dbamy o Twój świat,,,artwork,52.4393704,16.929863
Cienki drut,,,artwork,52.4105606,16.9267328
Skoda,,,artwork,52.4092848,16.9289245
,,,artwork,52.4123982,16.8920423
Chłopiec ze smokiem,,,artwork,52.3898418,16.9156292
Mały Książę,,,artwork,52.4035682,16.9290091
Opowieść śródecka z trębaczem na dachu i kotem w tle,,,artwork,52.4112715,16.9534828
Tajemniczy ogród,,,artwork,52.4048112,16.9366319
Śmierć Jacka Malczewskiego,,,artwork,52.4044722,16.9335673
Pomarańczarka Aleksandra Gierymskiego,,,artwork,52.4044447,16.9336417
Dawna kawiarnia,,,artwork,52.412585,16.8983014
Dawny magiel,,,artwork,52.4129249,16.8983266
Niebieskooka kobieta,,,artwork,52.4100475,16.9369855
Poznański Czerwiec 1956,,,artwork,52.3821126,16.9110538
Setna rocznica Powstania Wielkopolskiego,,,artwork,52.4386814,16.9299183
,,,artwork,52.4022479,16.9285629
Bliss,,,artwork,52.4130871,16.9075627
Świat tańca,,,artwork,52.4128006,16.9080831
Koziołek Matołek,,,artwork,52.4080408,16.9202995
,,,artwork,52.4069567,16.9280993
Wybierz mądrze,,,artwork,52.391948,16.9132381
Poza snem,,,artwork,52.4124271,16.9000171
Dorożkarz,,,artwork,52.4113888,16.898485
,,,artwork,52.4100967,16.9029646
,,,artwork,52.4139683,16.9056155
Eternal Kiss,,,artwork,52.4136304,16.9054015
,,,artwork,52.4059375,16.9203479
,,,artwork,52.4059258,16.9373481
,,,artwork,52.4078971,16.9386151
,,,artwork,52.3862484,16.9165406
Wiersz stworzony przez poznaniaków,,,artwork,52.3884884,16.9156414
Domy przedmieścia,,,artwork,52.3907174,16.9131655
Jestem do znikania,,,artwork,52.39185,16.8992018
Wiersz stworzony przez poznaniaków,,,artwork,52.3940507,16.9001663
Chmury,,,artwork,52.4068871,16.9372993
Jul Słowacki,,,artwork,52.4122321,16.9001758
Nigdy o Tobie,,,artwork,52.413075,16.9038723
,,,artwork,52.4097242,16.9344275
Piłka nożna,,,artwork,52.3933179,16.991672
Mural Golęcin,,,artwork,52.4243688,16.8958619
Mural Sołacz,,,artwork,52.4244727,16.8959069
Strefa leganego graffiti,,,artwork,52.4214163,16.8872053
,,,artwork,52.4074516,16.8713398
Dziewczynka z balonikiem,,,artwork,52.4036023,16.9317435
Do kury nogami,,,artwork,52.3907644,16.9008762
,,,artwork,52.3909463,16.9009249
Góry: Łysa i Jasna,,,artwork,52.3907957,16.9007223
Krzysztof Krawczyk,,,artwork,52.3967938,16.9242676
Strefa leganego graffiti,,,artwork,52.3818912,16.9356264
Strefa leganego graffiti,,,artwork,52.4303416,16.8448346
Strefa leganego graffiti,,,artwork,52.4211238,16.8736043
Strefa leganego graffiti,,,artwork,52.4261546,16.8596393
Strefa leganego graffiti,,,artwork,52.3827898,16.9286948
Kolejorz Cracovia zjednoczeni chuligani,,,artwork,52.4429832,16.9207633
Strefa leganego graffiti,,,artwork,52.433225,16.9113443
Analog Tokyo,,,artwork,52.3955382,16.9242892
RAAR Wilda,,,artwork,52.3937479,16.9215828
Monolit,,,artwork,52.3908001,16.9135839
Rewia mody,,,artwork,52.3763716,16.8714255
Tygrys Yokai,,,artwork,52.4102856,16.9029688
Karol Szymanowski,,,artwork,52.4603604,16.9173
Karol Kurpiński,,,artwork,52.450739,16.9197814
Operacja pestka,,,artwork,52.4425603,16.9197254
Przez bunt do wolności,,,artwork,52.4359852,16.9200978
Poznań ukryty w literach,,,artwork,52.4271611,16.9193495
,,,artwork,52.4042981,16.9349108
Wyższa Szkoła Bankowa,,,artwork,52.4044373,16.9240069
Kropla,,,artwork,52.4043827,16.9418311
Miłość...,,,artwork,52.4098013,16.9016918
Powstanie Wielkopolskie,,,artwork,52.4379761,16.9316403
,,,artwork,52.4168571,16.9278763
Jedz masło roślinne,,,artwork,52.3984433,16.9255721
,,,artwork,52.3864574,16.9145339
,,,artwork,52.4188861,16.9322182
,,,artwork,52.4041395,16.9378929
"Fragment pieśni ""O dobrej sławie""",,,artwork,52.4315309,16.9404818
,,,artwork,52.4074974,16.9251478
,,,artwork,52.407522,16.925151
Św. Michał Archanioł,,,artwork,52.4118007,16.9023675
Dzieci,,,artwork,52.3888326,16.8743258
Neseser,,,artwork,52.414812,16.8293924
Pion,,,artwork,52.420675,16.9296663
Dramat,,,artwork,52.4098854,16.9175487
Liryka,,,artwork,52.4099456,16.9172656
Pegaz,,,artwork,52.4099519,16.9174285
5 Figur,,,artwork,52.4072699,16.9119251
Dziewczynka,,,artwork,52.397883,16.8669812
Kobieta,,,artwork,52.3896707,16.8764322
Tysiąclecie Chrztu Polski,,,artwork,52.4112905,16.9479642
Tysiąclecie Chrztu Polski,,,artwork,52.4114951,16.9478512
,,,artwork,52.3812509,16.850162
,,,artwork,52.3813307,16.8501557
Złoty Lew,,,artwork,52.4081567,16.9324907
Tancerka,,,artwork,52.406662,16.9345723
Koszary Kultury,arts_centre,,,52.4024016,16.8962674
,,,artwork,52.4299575,16.8977943
Centrum Szyfrów Enigma,,,museum,52.4076413,16.9197714
Mężczyzna,,,artwork,52.4107508,16.9558899
Kobieta,,,artwork,52.4107553,16.955854
,,,artwork,52.4100681,16.9342873
Poznań first to fly,,,artwork,52.4303188,16.9395142
Przyrodnicza oś czasu,,,artwork,52.4271868,16.904548
Powstanie Wielkopolskie,,,artwork,52.3873323,16.9601605
Łap słońce w Poznaniu,,,artwork,52.4110847,16.9389896
Firestarter,,,artwork,52.4141374,16.9125705
Kozły poznańskie,,,artwork,52.3881011,16.892515
Pegaz,,,artwork,52.4330549,16.8814428
Słoń,,,artwork,52.3128761,16.9664248
,theatre,bandstand,,52.4073916,16.9702267
Sim-Center,,amusement_arcade,,52.4129089,16.9396188
Zespół Pieśni i Tańca Łany,,dance,,52.4051254,16.9111506
Scena na Piętrze,theatre,,,52.4098496,16.9332973
Kartusz,,,artwork,52.4094408,16.9225733
Kartusz,,,artwork,52.4094185,16.922606
Kartusz,,,artwork,52.4093932,16.9226431
Medaliony Zygmunta Krasińskiego i Augusta Cieszkowskiego,,,artwork,52.4096189,16.9226923
Pegaz,,,artwork,52.4094765,16.9226048
Poznań bez nienawiści,,,artwork,52.4165953,16.9347151
,,,artwork,52.4145464,16.9320818
Jeżyce,,,artwork,52.4152095,16.9107538
,,,viewpoint,52.4682854,16.790882
Wspólnie po wolność,,,artwork,52.4214115,16.9706416
Klub Cybinka,community_centre,,,52.4097791,16.9770724
,,,viewpoint,52.5089993,16.9698148
Escape Arena,,escape_game,,52.3851764,16.9004793
,,,artwork,52.3976033,17.0209874
Ogród,,,attraction,52.4135225,16.9268984
Klub Próżność,nightclub,,,52.4055579,16.9189832
Projekt LAB,nightclub,,,52.4122211,16.9369231
,,,artwork,52.4080233,16.958031
,,,artwork,52.4080453,16.9576235
Studio Yoga nad Maltą,,fitness_centre,,52.4056835,16.9947576
Zagro Plaża Rataje,arts_centre,,,52.3954857,16.9403756
Muzeum Historii Ubioru,,,museum,52.4024239,16.9297798
,,,artwork,52.4004819,16.9053936
,,,artwork,52.4013776,16.9012729
,,,artwork,52.4013384,16.9009162
,,,artwork,52.4010923,16.9009839
,,,artwork,52.4011283,16.9013423
,,,artwork,52.4008788,16.9010432
,,,artwork,52.4009135,16.9014025
,,,artwork,52.4006718,16.9014721
,,,artwork,52.4006348,16.9011123
,,,artwork,52.4016945,16.9011909
,,,artwork,52.401847,16.9011701
,,,artwork,52.4018557,16.9012098
,,,artwork,52.4018301,16.9011921
,,,artwork,52.4017889,16.9023065
,,,artwork,52.4018413,16.9022916
,,,artwork,52.4018224,16.9023285
,,,artwork,52.401838,16.9019389
,,,artwork,52.4018273,16.9019577
,,,artwork,52.4018159,16.9019241
,,,artwork,52.4017071,16.9021032
,,,artwork,52.4017325,16.9017667
,,,artwork,52.4017049,16.9017296
,,,artwork,52.4017421,16.9015929
,,,artwork,52.4016925,16.900609
,,,artwork,52.4018081,16.9007422
,,,artwork,52.4017399,16.9006161
,,,artwork,52.4017092,16.9006522
,,,artwork,52.4016326,16.9001364
,,,artwork,52.4015322,16.9004431
,,,artwork,52.4020966,16.9001425
Szarość może być zielona,,,artwork,52.4149794,16.926628
Lech,,,artwork,52.4001792,16.9024098
,,,artwork,52.4008089,16.9081477
Codanza Academy,,dance,,52.3926303,16.846943
,,,artwork,52.4048622,16.8998171
,,,viewpoint,52.4265447,16.9445506
Bliźniaki Cramp,,,artwork,52.4048408,16.8983656
Wartownia Kaprala Wojtka,,,artwork,52.4003669,16.9947479
Transmutatio,,,artwork,52.3962814,16.996536
Elefante Boxing Club,,sports_hall,,52.4348461,16.9288671
History Land,,,museum,52.4058969,16.9104923
Moai 6,,,artwork,52.4279668,16.8960444
,,,artwork,52.428196,16.8956468
Modlitwa dziewczyny,,,artwork,52.4277354,16.8961733
,,,artwork,52.4274114,16.8961378
,,,artwork,52.4272405,16.8960612
Tron,,,artwork,52.4269318,16.8953794
,,,artwork,52.4273178,16.8953425
,,,artwork,52.4271441,16.8953893
Pielgrzym,,,artwork,52.4147161,17.0052267
FlyPark,,trampoline_park,,52.3817818,16.9931469
Just Gym,,fitness_centre,,52.3819381,16.9923433
Siłownia Iron Gym,,fitness_centre,,52.4023945,16.865057
just GYM,,fitness_centre,,52.3971296,16.8589939
KKS Lech Poznań 1922-2022,,,artwork,52.430668,16.9290549
Koziołki,,,artwork,52.3737531,16.9718168
Centrum Zjawisk Teatralnych,theatre,,,52.4325357,16.8832824
,,,artwork,52.4120533,16.9001557
Strzelnica kryta KSK Pretor,,sports_centre,,52.3782173,16.889182
Mural dla jerzyków,,,artwork,52.3796953,16.9584309
,,,artwork,52.3733898,16.9117114
MK Bowling,,bowling_alley,,52.406188,16.9273797
Strzelnica myśliwska Lizawka,,sports_centre,,52.4201055,17.0235079
Strzelnica WKS Grunwald,,sports_centre,,52.3770214,16.9147393
Malum,,,artwork,52.4614833,16.8273364
Niedźwiedzica,,,artwork,52.4618162,16.8273941
,,,artwork,52.402311,16.9231184
Mieszko I,,,artwork,52.4652679,16.942587
,,,artwork,52.4071373,16.9260081
,,,artwork,52.4071519,16.9259288
,,,artwork,52.4071261,16.9258528
,,,artwork,52.4071008,16.9259339
,,,artwork,52.4071786,16.9259306
,,,artwork,52.4071831,16.9258547
,,,artwork,52.4071586,16.9258177
,,,artwork,52.4071654,16.9257456
Żyrafa,,,artwork,52.4143626,16.8831503
Fortepian,,,artwork,52.4145026,16.8829496
Kozły poznańskie,,,artwork,52.4483793,16.8965428
Eryna,,,artwork,52.4143266,16.9121821
Chłopiec z latawcem,,,artwork,52.4030793,16.9099766
Kino Pałacowe,cinema,,,52.4080805,16.9190504
Centrum Wspinaczkowe Karma,,sports_centre,,52.3620384,16.9032511
F4F Fit For Free,,fitness_centre,,52.4478883,16.8931918
Rampa Dance,,dance,,52.4484794,16.8939839
"Granice? Nigdy żadnej nie widziałem, ale słyszałem, że istnieją w umysłach niektórych ludzi.",,,artwork,52.4480257,16.8901859
Mozaiki,,,artwork,52.4161681,16.8780175
Sogdiana,,dance,,52.3885154,16.8777576
T-72,,,attraction,52.4303416,16.8921416
,parcel_locker,,artwork,52.406817,16.8699327
Galeria Śluza,,,gallery,52.4124852,16.9503055
Aula artis,arts_centre,,,52.4155586,16.9318992
,,,artwork,52.4068401,16.8687054
,,fitness_centre,,52.4072121,16.8697641
,,,artwork,52.4079005,16.8700343
Republika Róż,,,artwork,52.4069607,16.9351918
Home of Body,,fitness_centre,,52.4041598,16.8658125
Orlik,,sports_centre,,52.3897509,16.985227
Orlik,,sports_centre,,52.3903202,16.9704169
Orlik,,sports_centre,,52.3842785,16.937675
Orlik,,sports_centre,,52.3935025,16.9337885
Orlik,,sports_centre,,52.3855998,16.9221696
Orlik,,sports_centre,,52.3975476,16.8941303
Orlik,,sports_centre,,52.3853614,16.814629
Orlik,,sports_centre,,52.4103697,16.8880035
Orlik,,sports_centre,,52.4332555,16.8799917
Orlik,,sports_centre,,52.4409835,16.9356387
Orlik,,sports_centre,,52.4544706,16.9237242
Orlik,,sports_centre,,52.4565332,16.9153867
,,fitness_centre,,52.4564639,16.9241408
,,,artwork,52.427295,16.9248678
wagon 113a,,,attraction,52.3843561,16.9547569
Żuraw wodny,,,attraction,52.3844274,16.9551654
Rogatka przejazdowa,,,attraction,52.3846938,16.9562768
Semafor,,,attraction,52.3844173,16.9553363
salka fintnes,,sports_hall,,52.4562095,16.924292
,,,gallery,52.3944203,16.8998287
Galeria Plakatu z Okresu Socjalizmu,,,museum,52.4412942,16.8079251
Gameness Team,,sports_centre,,52.3805156,16.8382508
,,,artwork,52.409372,16.9079162
Senior Dance Studio,,dance,,52.4342642,16.8991619
"Klub Seniora ""Uśmiech""",community_centre,,,52.4042128,16.8927254
Halkownia,,sports_centre,,52.3812588,16.9104592
Kuzi Sport,,sports_centre,,52.4143037,16.9656341
,,,artwork,52.4445615,16.8028456
WCZD,,,artwork,52.4383017,16.904575
Pies,,,artwork,52.3894581,17.0274621
Kot,,,artwork,52.3894876,17.0274508
Poznańskie Towarzystwo Wioślarzy Tryton,,sports_centre,,52.3965765,16.9372931
Klub Wioślarski 04,,sports_centre,,52.396241,16.9378137
Szalony kapelusznik,nightclub,,,52.4031861,16.9293641
,,,artwork,52.4119674,16.9555912
Zdrowie psychiczne to proces,,,artwork,52.4048517,16.8986493
Poznańskie Muzeum Pyry,,,museum,52.4099742,16.9343657
De nata,,,artwork,52.4115308,16.8995472
Jeżycjada,,,artwork,52.4121662,16.9007286
Teatr Komedia Poznań,theatre,,,52.3995036,16.8755499
Apartamenty Retro,,,artwork,52.4114076,16.9117365
Salon gier na automatach,,amusement_arcade,,52.3625125,16.9067112
Iskra,,dance,,52.3631097,16.9024216
,,,viewpoint,52.4831542,16.8963142
Disney,,,artwork,52.3712844,16.9080519
,,,artwork,52.4045586,16.935845
,,fitness_centre,,52.4681597,16.9415785
Stacja Grawitacj Poznań,,trampoline_park,,52.4375648,16.9171002
Pole Technique,,dance,,52.4175871,16.9678282
Ikony Poznania,,,artwork,52.4099052,16.959228
Naramowice,,,artwork,52.447935,16.9431468
,,fitness_centre,,52.4055877,16.8898987
Organic fitness,,fitness_centre,,52.4105921,16.877077
Alibi Club,nightclub,,,52.4052824,16.9194499
MK Bowling,,bowling_alley,,52.4066396,16.9278463
Pomnik przyrody: Dąb szypułkowy,,,attraction,52.4221569,16.9249874
Egurrola Fitness Club,,fitness_centre,,52.380712,16.8963049
Tor saneczkowy,,,attraction,52.3998725,16.9786312
Dom Harcerza,community_centre,,,52.4294607,16.9095365
Pan Peryskop,,,artwork,52.404183,16.9369852
36minut Westpoin,,fitness_centre,,52.4314867,16.808864
EscapeLandia,,escape_game,,52.4434095,16.9163958
,,,artwork,52.4219687,16.9384195
,,,artwork,52.4219659,16.9384504
,,,artwork,52.4219636,16.9384765
Fort Winiary w 1914r.,,,artwork,52.4198829,16.9326674
Lojalność,,,artwork,52.4426582,16.9252108
Poznańska lokomotywa,,,artwork,52.4426243,16.9237366
Brotherhood,,,artwork,52.4426183,16.9234614
Poznań Budapeszt 1956,,,artwork,52.4426364,16.9286146
Lech,,,artwork,52.4426784,16.9286696
100 lat dumy Wielkopolski,,,artwork,52.4428234,16.9285801
Fresh,,,artwork,52.4349213,16.9204073
Winogrady,,,artwork,52.4368403,16.9205034
,,,artwork,52.4319405,16.9128305
"Rakieta taktyczna 8K14 SCUD-B, ZSRR",,,attraction,52.4204932,16.9327626
Muzeum Armii „Poznań”,,,museum,52.4180725,16.9338034
Body Fit 20min.,,fitness_centre,,52.4315447,16.9149173
Pęknięcie magistrali wodociągowej Ø1000,,,artwork,52.4308557,16.9146875
Zawór Ø1000 P10,,,artwork,52.4312047,16.9145633
Dwa koziołki,,,artwork,52.4308547,16.9144284
,,,artwork,52.4159189,16.9347601
,,,artwork,52.4157789,16.934619
,,,artwork,52.4125746,16.9343544
,,,artwork,52.4125915,16.9343689
,,,artwork,52.4126047,16.9343885
,,,artwork,52.413383,16.9374671
,,,artwork,52.412149,16.9389786
,,,artwork,52.4112878,16.9526454
,,,artwork,52.4040403,16.9304123
Spider Man,,,artwork,52.4056009,16.9317793
Dragon Ball,,,artwork,52.4057712,16.9319201
Uzumaki,,,artwork,52.4057114,16.932063
,,,artwork,52.4077844,16.9344711
,,,artwork,52.4100161,16.93403
,,,artwork,52.4100378,16.934036
,,,artwork,52.4283509,16.9288486
"Dla upamiętnienia 160, rocznicy nieprzerwanego istnienia firmy W.KRUK",,,artwork,52.4161527,16.9188845
"Ed, Edd i Eddy",,,artwork,52.4131984,16.9161299
,,,artwork,52.413064,16.9164147
,,,artwork,52.4107632,16.9154993
,,,artwork,52.410583,16.9154337
5 Figur,,,artwork,52.4077015,16.9111062
5 Figur,,,artwork,52.4077647,16.9108804
5 Figur,,,artwork,52.4071404,16.9118638
5 Figur,,,artwork,52.407294,16.9119037
,,,artwork,52.3952202,16.9165825
,,,artwork,52.3950695,16.916305
,,,artwork,52.3958043,16.9151729
,,,artwork,52.3955594,16.9142329
,,,artwork,52.3956484,16.9155746
Walcz o swoje,,,artwork,52.3940594,16.9158075
Powstanie wielkopolskie,,,artwork,52.3907044,16.9129448
KKS Lech Poznań,,,artwork,52.3907414,16.913076
Wilda psychiczni,,,artwork,52.3907031,16.9137354
Jestes w krainie w której obcy ginie.,,,artwork,52.3907227,16.9136385
Fanatycy,,,artwork,52.3905729,16.9136763
,,,artwork,52.3905338,16.9136416
KKS Lech Poznań,,,artwork,52.3896429,16.9160572
,,,artwork,52.3939782,16.9219679
Czerwiec 1956,,,artwork,52.3984415,16.9262253
"Pomysł, projekt. wdrozenie, efekty",,,artwork,52.3928278,16.9115611
,,,artwork,52.3929629,16.9112999
,,,artwork,52.3926035,16.9118768
,,,artwork,52.3926696,16.9119118
Mistrz Yoda,,,artwork,52.4048809,16.8973147
Ogrodówka,community_centre,,,52.4104185,16.8847253
,,,artwork,52.4195667,16.9010129
Jezus Miłosierny,,,artwork,52.4592179,16.920532
Wazon ogrodowy,,,artwork,52.4568108,16.7851634
Apollo,theatre,,,52.4045996,16.9264712
Święty Łazarz,,,artwork,52.3916595,16.9001511
Poznan,,,artwork,52.4019417,16.9061171
Pompa,,,artwork,52.4487022,16.9489179
Kino Słońce,,,artwork,52.4066473,16.9267248
Kino Słońce,,,artwork,52.4069428,16.9268278
#RazemDlaZiemi,,,artwork,52.4025074,16.9554695
Dreamscape,,escape_game,,52.4060971,16.9235626
,,sports_centre,,52.3977181,16.9873078
,,,artwork,52.4174481,16.907597
36 minut,,fitness_centre,,52.4321065,16.9432148
Orbita osiedlowy dom kultury,community_centre,,,52.436884,16.9458055
,,,attraction,52.4354957,16.95341
,,,attraction,52.4354981,16.9537844
,,,attraction,52.4354639,16.9535065
,,,attraction,52.4355179,16.9537191
,,,artwork,52.3958334,16.9246784
Fabryka Formy,,fitness_centre,,52.3870506,16.9129796
Mako Motocykle Serwis,,,artwork,52.4176494,16.9653427
,bench,,artwork,52.3956113,16.8735447
Park im. J. Heweliusza,,,artwork,52.3956764,16.8733949
Pan Twardowski,,,artwork,52.3956743,16.8737286
Mały Książę,,,artwork,52.395655,16.8741586
,,,artwork,52.3956042,16.8741492
Środek Poznania,,,attraction,52.4071628,16.9212127
Vinci Art Gallery,,,artwork,52.410612,16.955201
Scena Robocza,theatre,,,52.4098718,16.9339678
,,,artwork,52.4881816,16.9118838
Postać siedząca,,,artwork,52.4245279,16.9164989
Magdalena Abakanowicz,,,artwork,52.4057033,16.9385437
Studio Namaste Yoga SNY,,fitness_centre,,52.3864938,16.8807249
Cesarzowa Baśniowych Opowieści,,,artwork,52.4114549,16.8774576
Krasnal Życzliwek Poznański,,,artwork,52.4063385,16.9346753
,,,artwork,52.4615687,16.8276528
Black Water Labs - Symulator Golfa,,amusement_arcade,,52.3910074,16.8522356
ABC Gallery,,,gallery,52.4612641,16.8281021
moja gwiazda,,,artwork,52.4001528,16.9056801
Przystanek Historia,,,museum,52.4121087,16.9090003
,,,artwork,52.367664,16.9214736
Klub Rewiry,nightclub,,,52.40558,16.9187802
Zielony Poznań,,,artwork,52.4191248,16.899498
Baza Gym,,fitness_centre,,52.4155907,16.9036375
,,,artwork,52.4064151,16.9068962
,,,artwork,52.4073376,16.907288
,,,artwork,52.4073646,16.9072958
Dream Dance,,dance,,52.4110314,16.9394079
,,,viewpoint,52.4246378,16.9528883
,,,viewpoint,52.4200202,16.9460994
"Ziemia, której jesteśmy",,,artwork,52.40816,16.9334803
Radojewko - Fabryka Dobrej Zabawy,,sports_centre,,52.4990326,16.9477236
Fabryka Formy,,fitness_centre,,52.3816005,16.9469222
The Club No 1,nightclub,,,52.4082113,16.9346634
Park Cytadela,,park,attraction,52.42134344523719,16.935125642571748
Ogród Botaniczny Uniwersytetu im. Adama Mickiewicza,,park,attraction,52.42026610042143,16.88138891165346
AZS Poznań,,sports_centre,,52.417818009191336,16.923089386269933
Ptaki wodne,,,attraction,52.40042461634325,17.004241781395724
Stadion Poznań,,stadium,,52.39764757650475,16.858127409404158
Winner,,sports_centre,,52.404438504447484,16.85661282808425
Ratusz,townhall,,attraction,52.40856460356372,16.934014015292043
Stadion im. Edmunda Szyca,,stadium,,52.39622952939912,16.929366895425325
"Osiedlowy Dom Kultury ""Słońce""",community_centre,,,52.43143526108024,16.925113389227693
Palmiarnia Poznańska,,garden,attraction,52.40190949627113,16.901294377745966
Wielkopolskie Muzeum Wojskowe,,,museum,52.40817844243601,16.93366706833294
Muzeum Narodowe,,,museum,52.40852616111853,16.929944770516173
Muzeum Uzbrojenia,,,museum,52.42060519347594,16.93260610410911
,,stadium,,52.42715682171053,16.943527268026504
Cinema City Poznań Kinepolis,cinema,,,52.373437293528276,16.980432235122947
Wyspa Lemurów,,,attraction,52.40757048044629,16.90659186099136
Muzeum Historii Zoo i Lwa,,,museum,52.40781296448088,16.904702793084912
Ptaszarnia,,,attraction,52.40782740232653,16.90352692081229
Letnia woliera małp,,,attraction,52.4082343434367,16.9030081443748
Grota,,,attraction,52.408367560731776,16.903303126001468
Red Oak,,sports_centre,,52.40574906341955,16.956453152797835
Bula Park,,sports_centre,,52.40254053532977,16.98695834643813
Pływalnia Uniwersytecka,,sports_centre,,52.468179251185354,16.940476109336146
Hala Uniwersytecka,,sports_centre,,52.46833934152585,16.94137976316402
Hala Sportowa,,sports_centre,,52.46554308750734,16.93039945896322
Centrum Sportowe UM,university,sports_centre,,52.40579449359734,16.89089311085711
Muzeum Sztuk Użytkowych,,,museum,52.40936793390724,16.931334915281813
Teatr Polski,theatre,,,52.40860764958924,16.923709421243355
Kortowo,,sports_centre,,52.35371657256362,16.859816299037117
Champions Bowling by Niku,,bowling_alley,,52.440640119541534,16.91292439002102
Pawilon zwierząt nocnych,,,attraction,52.399438529699154,16.995111525154552
Foka pospolita,,,attraction,52.40002142992063,16.9952265386951
Pałac Mielżyńskich,,,attraction,52.409087624231006,16.933664011075884
Pływalnia Miejska Atlantis,,sports_centre,,52.45621471770499,16.92449125615966
,,sports_centre,,52.384241244669255,16.938473363878597
"Osiedlowy Dom Kultury ""Pod Lipami""",community_centre,,,52.43115423537773,16.940372185305456
Hala B,,sports_hall,,52.39408397872635,16.929576472602225
Hala C,,sports_hall,,52.39364136864791,16.92940207242671
,,sports_centre,,52.37163490619122,16.933625909155523
Izba Pamięci Jerzego Pertka,disused,,museum,52.40245054307747,16.882386621368386
Krąg - dom kultury,community_centre,,,52.390573317608506,16.899937343121646
Hala sportowa,,sports_centre,,52.38648985,16.8924424
,,sports_centre,,52.38723533669151,16.87046506158634
,,sports_centre,,52.390064100000004,16.8392543
Hangar,,sports_centre,,52.445441066098695,16.96248414056703
"Osiedlowy Dom Kultury ""Orbita""",community_centre,,,52.436946699954504,16.94575641097089
Młodzieżowy Dom Kultury nr 2,community_centre,,,52.423416891538466,16.929318716589055
Unilever Polska,,,attraction,52.42702160909555,16.980286935594837
Dom Parafialny Arka,community_centre,,,52.47687882681541,16.78488303244654
Apollo,cinema,,,52.40457035733394,16.926485022064004
Tor Poznań,,sports_centre,,52.418073935341354,16.807161548151246
Młodzieżowy Dom Kultury nr 1,community_centre,,,52.39362489865539,16.935177718307777
Stary Browar (Pasaż),,,attraction,52.40243082191288,16.925407706665567
,,track,,52.38789455,16.952205799999998
,,sports_centre,,52.39618165454345,16.967130539830194
Kryte Lodowisko Malta,,ice_rink,,52.405122028996246,16.95480150608028
Funcube,,amusement_arcade,,52.38230018772678,16.993538207367983
Multikino,cinema,,,52.40277959159683,16.924397969916026
Harder,,fitness_centre,,52.401914258141986,16.926349948266562
Stary Browar (Atrium),,,attraction,52.4014556470474,16.927921550261246
,,track,,52.3786666,16.957614650000018
,,track,,52.38427802941333,16.977481882678045
,,track,,52.401524564447975,16.866692589919367
,,track,,52.424842897755966,16.94707883985219
,,sports_centre,,52.42565797238887,16.93298150627905
,,sports_centre,,52.38891880247724,16.88959256416635
,,track,,52.397623545339606,16.89484467097553
,,track,,52.40583675026804,16.879294673182063
,,sports_centre,,52.416178949999995,16.873870049999997
,,track,,52.415576299999984,16.87423045
,,track,,52.443453084425315,16.882082130329007
,,sports_hall,,52.40965203525932,16.822708175415162
Boisko Sportowe,,sports_centre,,52.458643677938944,16.92448085030416
Rialto,cinema,,,52.41151714113243,16.90656584359854
boisko sportowe,,sports_centre,,52.45436215512766,16.90496792762848
,,sports_centre,,52.463687390386276,16.91246350480817
Scena Robocza,theatre,,,52.40487620830182,16.899188547272537
Basen osiedlowy,,sports_centre,,52.39876491356104,16.96469922880999
Salon Muzyczny-Muzeum Feliksa Nowowiejskiego,,,museum,52.416509732569104,16.91745300217462
Rozbrat,community_centre,,,52.41757001217195,16.918351235415194
Atlantis Fitness Club,,sports_centre,,52.407709640201986,16.819843602830375
,,bowling_alley,,52.395421574048,16.937435453119004
Pawilon,,,gallery,52.40780586108654,16.9403598325542
,,track,,52.37857136515602,16.957788565998793
Baletnica,fountain,,artwork,52.420523772021596,16.882816390317647
Odwach/ Muzeum Powstania Wielkopolskiego 1918-1919,,,museum,52.408266920115786,16.933110605615006
Arena,,sports_centre,,52.397712150028106,16.89207750297743
Scena Wspólna,theatre,,,52.42510786198245,16.935198560901878
Pływalnia letnia,,sports_centre,,52.39297611558788,16.927542173473363
CITYZEN,,sports_centre,,52.395147742390016,16.932518955898118
Wyspa lemurów katta,,,attraction,52.398513526621194,17.00180800660688
Słonie,,,attraction,52.3993107688972,17.008784998766743
,,track,,52.39770742898055,16.932899782043158
Dom Absolwenta,,,museum,52.428254854012316,16.89643730135719
Madalina,community_centre,,,52.386444013503,16.914070651895297
,,track,,,
,,track,,,
,,track,,,
KS Warta Poznań,,sports_centre,,52.39317668360472,16.931491642380234
Muzeum Wiedzy o Środowisku,,,museum,52.40739589681611,16.905627852482297
Teatr Wielki,theatre,,,52.41021269997708,16.917671333076093
Boisko Przepadek,,sports_centre,,52.418580123653484,16.92764154981251
Dom Kultury Romskiej,community_centre,,,52.377576804392696,16.88830540133468
Pracownia-Muzeum Józefa Ignacego Kraszewskiego,,,museum,52.410441849082666,16.934475243455243
Pałac Działyńskich,,,attraction,52.40850611929402,16.932257548426026
Stare Zoo,,,zoo,52.40812261834925,16.90486477374993
Pawilon Zwierząt Zmiennocieplnych,,,attraction,52.40838503351167,16.905673361876772
,,track,,52.398343309500675,16.932866698157227
"Strzelnica ""Magnum""",,sports_centre,,52.43113668206271,16.90140337821311
Perseusz uwalniający Andromedę,,,artwork,52.40100365,16.9012013
,,track,,52.385132738616065,16.884161589352836
Brodziak Gallery,,,gallery,52.40126265450794,16.907448135012974
Nierozpoznani,,,artwork,52.421863269566074,16.935633449773945
Ziarno – Epitafium Życia,,,artwork,52.4227758,16.932715166666664
,,track,,52.417811983747846,16.924085965953758
,,track,,52.417950606806556,16.923937729224377
,,track,,52.41753960653778,16.92307811304959
,,track,,52.41777542800304,16.922389157054344
,,sports_centre,,52.41734725,16.92258585
,,track,,52.414560614573816,16.92111004769398
,,track,,52.414434742660134,16.921269325565493
Świetlica,community_centre,,,52.412592443719554,16.930236006906423
,,sports_hall,,52.41453386841535,16.92451809550774
,theatre,,,52.40082499775332,16.925321417790002
,,track,,52.40302630763227,16.937647813976632
Muzeum Etnograficzne,,,museum,52.40557974248379,16.940641935182693
Muzeum Bambrów Poznańskich,,,museum,52.404960502157664,16.940084885991283
Brama Poznania ICHOT,,,museum,52.41232390777092,16.951663156169946
Młodzieżowy Ośrodek Sportowy,,sports_centre,,52.412984531274155,16.953517570913917
Amfiteatr nad Cybiną,theatre,,,52.412334420743,16.951268132400248
Archiwum Archidiecezjalne,,,museum,52.412648711279125,16.947591323761948
Studnia Bamberki,,,artwork,52.40850928224275,16.93359327556912
,,track,,52.39000410213327,16.970760896067286
,,track,,52.38445358166322,16.97698340321798
,,track,,52.39146367455597,16.955221992895666
,,sports_centre,,52.47475373779691,16.788620732386043
,,track,,52.45582164988486,16.922801639430784
,,track,,52.378861151574775,16.95221021348248
,,track,,52.425517799999994,16.890677900000007
,,track,,52.42518854027041,16.88986943871287
,,track,,52.383529508285754,16.9508705279921
Nowe Zoo,,,zoo,52.39969884336373,17.004873913030867
,,track,,52.3900122,16.954598650000012
Ośrodek Przywodny Rataje,,sports_centre,,52.38403497426679,16.938065753186706
Przystań KS Warta,,sports_centre,,52.39377602275408,16.941687441908062
KS Energetyk - Sekcja Kajakowa,,sports_centre,,52.39170981093636,16.940677613590257
,theatre,,,52.390840770518736,16.941013793559463
Przystań KS Posnania,,sports_centre,,52.39494440419932,16.94215328599513
Towarzystwo Wioślarzy Polonia,,sports_centre,,52.39450361975947,16.941909912576257
,,track,,52.38207445,16.93989875
KontenerART,theatre,,,52.4059839275053,16.94480166250078
,,track,,52.41369339999999,16.927091349999998
,,track,,52.38985927467631,16.9707823285785
Hala Sportowa im. Wojciecha Weissa,,sports_hall,,52.40259896688323,16.948023209329733
,,track,,52.40222040243286,16.949335575770125
,,track,,52.40067498665994,16.95153907266218
,theatre,,,52.384315705558826,16.86865424526568
Termy Maltańskie,,water_park,,52.40513933382023,16.973712603985863
,,track,,52.402638712227265,16.986750586538772
,,track,,52.402608163298105,16.986847644579015
,theatre,,,52.39966658349185,16.97531099286559
,,track,,,
,,track,,,
Szkoła Małego Kierowcy,traffic_park,,theme_park,52.39979576218481,16.980650951445163
Kozy i osły,,,attraction,52.39983579087912,16.994154544442477
Kucyki szetlandzkie,,,attraction,52.39963429360808,16.994111897290626
Kozy,,,attraction,52.39996919403729,16.99435839387254
"Owca kameruńska, świnia wietnamska i kozy",,,attraction,52.39999445898536,16.9942228699559
Bociany czarnodziobe,,,attraction,52.40074712867554,16.995083517191024
Siki wietnamskie,,,attraction,52.400960047338366,16.99558808274917
Marabuty,,,attraction,52.40150692196435,16.995788089473667
Dzioborożce białodziobe,,,attraction,52.40134210170398,16.995985040361244
Świnie wisajskie,,,attraction,52.40228702276651,16.995067462827297
Kangury,,,attraction,52.401882567287025,16.995425608137783
Emu,,,attraction,52.40191301911006,16.995875460552437
Żubry,,,attraction,52.402741151009145,17.00334792280749
Jelenie milu,,,attraction,52.40256538490778,17.001150677819027
Wydra europejska,,,attraction,52.40253590633056,16.998509173773968
Nosorożce białe,,,attraction,52.40275442754235,16.999012957214617
Kazuary,,,attraction,52.40236140112053,16.9962786223853
Jelenie Alfreda i baweańskie,,,attraction,52.40235036842799,16.995751904789433
Antylopy nilgau i ssaki,,,attraction,52.40202152102011,16.99896152496918
Takiny,,,attraction,52.40031666257083,17.00004447198012
Insektarium,,,zoo,52.40163754999999,17.0039095
Pawilon drobnych ssaków,,,attraction,52.4015312,17.0010616
Fauna Afryki,,,attraction,52.39747352833663,16.99715233900768
Żyrafy,,,attraction,52.39798949701161,16.998502666596284
Pandy rude,,,attraction,52.399533486447574,16.995797171262925
Sitatungi i dzioborożce abisyńskie,,,attraction,52.40152315642713,16.996660031721877
Antylopa tomi,,,attraction,52.40174111257715,16.998016110784576
Ptaki drapieżne,,,attraction,52.398065490200025,16.995525543944915
Makaki japońskie,,,attraction,52.402190682158015,17.006386527698464
Niedźwiedzie brunatne,,,attraction,52.397232975266895,17.002395812850413
Bizony leśne,,,attraction,52.40262584950598,17.012437349311046
Tygrysy syberyjskie,,,attraction,52.399774969414175,17.006121541325438
Ostronosy rude,,,attraction,52.39774285624584,17.001306837413832
Fauna Ameryki Południowej,,,attraction,52.39724855915446,17.000060928632582
Susły moręgowane,,,attraction,52.400603621722944,17.011391957124253
Wielbłądy dwugarbne,,,attraction,52.40093291439081,17.012071370123095
Wielbłądy,,,attraction,52.40022004767896,17.010569699086112
Ptaki,,,attraction,52.3992113542686,16.99513896828922
ASG Park Malta,,sports_centre,,52.40441333815809,16.98866472411345
Dom Działkowca,community_centre,,,52.381948042985094,16.925329965346712
,,track,,52.45065405,16.88771025
,,track,,52.424748834560575,16.946948845586842
,,,viewpoint,52.42213898985071,16.90488605930878
,,fitness_centre,,52.46949514070417,16.79116455895293
Centrum Wspinaczkowe Karma Grunwald,,sports_centre,,52.38976258821995,16.845089162032423
,,track,,52.44083239172401,16.92571287124938
,,track,,,
,,track,,52.46554635,16.913845249999998
,,stadium,,52.39888486714655,16.85690305116017
,,track,,52.4548103,16.914206799999974
weishaupt / sala kreatywna maMMaija,,dance,,52.409855182684765,16.821422866601477
,,,attraction,52.49030699130383,16.89657078322168
,,,attraction,52.48969633875756,16.897998014022974
Klub Angello,nightclub,,,52.34363204573994,16.933306219020878
,,track,,52.45985013341486,16.747725191165948
Pływalnia Letnia w Parku Kasprowicza,,water_park,,52.394821497326035,16.890557968572615
,,track,,52.47093607171171,16.938424742702928
"Park rekreacyjno-sportowy ""FairPlayce""",,sports_centre,,52.46034799626736,16.94930947044104
Wieża widokowa na Szachtach,,,viewpoint,52.36119381708916,16.865801241895003
,,track,,52.36948560313946,16.846534229194393
Jump Arena Grunwald,,trampoline_park,,52.39145518648797,16.850263949123935
,,track,,52.43432471064187,16.913510260894128
Małpiarnia,,,attraction,52.408587285952436,16.902941208569096
Króliki domowe,,,attraction,52.407619605220304,16.903772646709164
Letni wybieg żółwi lądowych,,,attraction,52.408086845752614,16.902832894553544
,,,attraction,52.407878325034524,16.907081280617323
"Kozy domowe, kury, gęsi",,,attraction,52.407583266212285,16.904329183815374
Świnie zwisłobrzuche,,,attraction,52.407637291718096,16.903945922261343
Ptactwo wodne,,,attraction,52.40820311470454,16.903883633156145
Letni wybieg żółwi wodnych,,,attraction,52.408668892973346,16.904865274273
Letni wybieg żółwi lądowych,,,attraction,52.408671347019265,16.903285203635765
Zwierzęta Ameryki Południowej,,,attraction,52.40879568452469,16.903726405644
Lis srebrny,,,attraction,52.40875421361295,16.904597615439705
,,,attraction,52.408516721632644,16.904539866883173
Osły domowe,,,attraction,52.40841442087191,16.904802029634155
Owce bretońskie,,,attraction,52.40825892062027,16.905255270134596
Szkockie bydło górskie,,,attraction,52.40810952436183,16.905103180763284
Owce kameruńskie,,,attraction,52.408236496103875,16.90470521832785
Zebu karłowate,,,attraction,52.40835023316572,16.90426350366992
Kuce szetlandzkie,,,attraction,52.40850430942246,16.904004933164604
Alpaki,,,attraction,52.40876622468708,16.90355274630837
Lodowisko,,ice_rink,,52.3990264587361,16.86035383181564
Galeria stowarzyszenia Amici,,,gallery,52.38709681044106,16.973269608325634
Tor rowerowy,,track,,52.38447246028049,16.98576972968255
,,track,,,
,,track,,,
,,track,,,
,,track,,52.38038189287442,16.968340716618847
,,track,,52.43091245000001,16.92407279999996
,,track,,52.43088446130013,16.923549174441522
Centrum Inicjatyw Chrześcijańskich,community_centre,,,52.43895217250564,16.911309321724605
,,track,,52.3979691,16.862934900000003
,,track,,52.39800930457961,16.86290169538308
,,track,,52.40167449704441,16.866829919209327
Plek Centrum Sportu,,sports_centre,,52.42985837644867,16.838315393764727
Mikro Dom Kultury - Lotaryńska 6,arts_centre,,,52.4468584209107,16.93120351303399
,,track,,52.34037269353335,16.991279936262067
AWF Poznań,,sports_centre,,52.3972309439911,16.935534282924017
KS Czarna Kula,,sports_centre,,52.39539305950296,16.9372833045113
,theatre,,,52.39338329140558,16.977123754514174
Pływalnia Delfin,,sports_centre,,52.423455054723235,16.86446218946566
,,track,,52.389997449999996,16.8984079
KS Polonia Poznań,,stadium,,52.419068906877776,16.971610297708565
Teatr Nowy,theatre,,,52.411245294728566,16.912574101714977
,,track,,,
Ścieżka w koronach drzew,,,attraction,,
Nocny Targ Towarzyski,arts_centre,,,52.38753415244373,16.904678082877563
Pływalnia Miejska POSiR Winogrady,,sports_centre,,52.437860589537166,16.926276589261633
,,track,,52.44017768996819,16.94327512944921
,,track,,52.39008274217975,16.839768529068802
,,track,,,
,,track,,,
Dawny stadion Energetyka Poznań,,sports_centre,,52.39663899523569,16.889405105463613
Centrum Tenisowe Arena,,sports_centre,,52.39796396754921,16.889804837339057
Surma Poznań,,sports_centre,,52.39877831870867,16.890660569455395
,,sports_hall,,52.4746673182728,16.788295374585974
Hipodrom Wola,,stadium,,52.429660864350126,16.861625772424755
,,track,,,
,,track,,,
,,track,,,
,,track,,,
,,track,,,
,,track,,,
,,track,,,
,,track,,,
,,track,,,
,,track,,,
,,track,,,
,,track,,,
,,track,,,
,,track,,,
,,track,,,
,,track,,,
,,track,,,
,,track,,52.384882775857044,16.959053369107345
,,track,,,
,,track,,,
,,track,,,
,,track,,,
Ogród Szeląg,arts_centre,garden,,52.42666345249594,16.95308618619045
,,track,,52.41272020949371,16.93076196495005
,,track,,52.43327547077473,16.906352067782194
,,track,,52.47035543150566,16.938740775369883
,,track,,52.47031189695487,16.938699350591772
Uniwersytet Artystyczny im. Magdaleny Abakanowicz,university,,gallery,52.412374914247955,16.92980481186517
Rezerwat Archeologiczny Genius Loci - Oddział Muzeum Archeologicznego w Poznaniu,,,museum,52.41274190755336,16.948189701080775
Oratorium „Światełko”,community_centre,,,52.43179066889057,16.911626219880162
Palmiarnia Poznańska,,,museum,52.40185134543379,16.901194638924142
,,track,,52.415531357373155,16.933722587094763
,,bird_hide,artwork,52.39836752248514,17.023661418283424
Stadion rozgrzewkowy,,stadium,,52.423364277504604,16.892228656301175
,,track,,52.423744731945824,16.891638051598257
Park Tenisowy Olimpia,,sports_centre,,52.42512328806787,16.892459882470966
Stadion lekkoatletyczny Golęcin,,stadium,,52.425340178109685,16.890281108435993
Stadion żużlowy Golęcin,,stadium,,52.42728816394984,16.88810120761874
,,track,,,
Świnka zwisłobrzucha,,,attraction,52.40787262576403,16.907075630614536
Lemury,,,attraction,52.407616399999995,16.90689365
,,track,,52.424387663284215,16.84497365998772
,,track,,52.423793800000006,16.845221200000008
Nosorożce,,,attraction,52.39898375803877,17.010137271452418
Żyrafy,,,attraction,52.39928897115531,17.011753257454448
,,track,,,
,,track,,,
,,track,,52.424258229210984,16.892685748686958
,,track,,52.42485006980539,16.89083410166501
,,track,,52.425716950000016,16.88986580000002
,,track,,52.425779950000006,16.889807500000018
,,track,,52.42581040000001,16.889751349999997
,,track,,52.42588385182549,16.889674459836662
Oryks południowy,,,attraction,52.400532397931954,17.009726294973156
Lwy,,,attraction,52.401573795255906,17.01270031882811
Poznański Rejon Wspinaczkowy,,sports_centre,attraction,52.425120542166574,16.96257414694262
,,track,,52.44096031542515,16.935187850148218
Króliki domowe,,,attraction,52.407529518621516,16.904571703476925
Letni wybieg żółwi lądowych,,,attraction,52.40877939185214,16.903373099865444
Lis polarny,,,attraction,52.40876356401416,16.904364078843894
"Żółw grecki, żółw stepowy",,,attraction,52.40878320847067,16.904139808263796
Karuzela,,,attraction,52.40814070005012,16.90715591945209
,,track,,52.41042875,16.86974365
,,track,,52.41012146365629,16.869626983426716
,,sports_centre,,52.4695376650346,16.791175527663373
,,sports_centre,,52.46897318193084,16.79093040100421
Eve&Culture,arts_centre,,,52.42020653786637,16.874312915156057
,,track,,52.384196884128755,16.81338605944958
Skansen Średzkiej Kolei Powiatowej,,,museum,52.38446525305824,16.95529659493517
KS Stomil - Sekcja Kajakowa,,sports_centre,,52.39319083116233,16.941334155883844
Chwiałka,,ice_rink,,52.3922483697249,16.92884021752057
"Oś: Rogacz, Dzik 1-2, Zając 1-2",,sports_centre,,52.42037109542196,17.02891067851969
Przedszkole dla zwierząt,,,attraction,52.3996140169635,17.000417260614125
Pandki Rude,,,attraction,52.39973577739218,16.999927396056375
Centrum Kultury Fizycznej UPP,,sports_hall,,52.43085243545088,16.89948285889299
,,track,,52.38471329698659,16.92019090488126
Uniwersytet Artystyczny im. Magdaleny Abakanowicz,university,,gallery,52.410112532482685,16.937020519513112
,,stadium,,52.468492226984466,16.94135711099044
Pływalnia kryta,,sports_hall,,52.39411523831361,16.92809504196003
Hala A,,sports_hall,,52.394212150747876,16.927257876228484
,,track,,52.38906179978909,16.863143364444102
AZS Poznań,,sports_centre,,52.41411664318598,16.91738328700741
Orlik,,sports_centre,,52.392253148727825,16.860864832544042
,,track,,,
Park Linowy Pyrland,,sports_centre,attraction,52.39765803845342,16.987224364859312
,,track,,52.425695275509646,16.85046169775207
GoKart Poznań,,sports_centre,,52.37512118957881,16.981830212075174
,,track,,,
,,track,,52.39020416077329,16.915595556354116
Muzeum Archidiecezjalne,,,museum,52.41249924411829,16.94669771867342
Zamek Cesarski,,,attraction,52.408042978036306,16.918787948646504
Pałac Górków,,,museum,52.407290985092665,16.934764631224233
,,track,,52.412852043207145,16.95323651863434
,,track,,52.35668288422284,16.944694423187325
,,track,,52.39751382322688,16.933234243063247
,,track,,52.41801614250992,16.92314744638479
,,track,,52.42534071507036,16.890282248598623
Pumptrack Rusałka,,track,,52.42994059765927,16.87530583312444
Tor gokartowy,,track,,52.40854337213645,16.906172811380447
Pumptrack,,track,,52.44370814936761,16.883235444552
Pumptrack,,track,,52.437981775574734,16.835891187666334
,,track,,52.470345312768345,16.939550781312235
,,track,,52.470318049698236,16.939554861325767
,,track,,52.38576327426166,16.966267353332356
,,track,,52.423352455682945,16.892205653751322
Muzeum Martyrologii Wielkopolan – Fort VII,,,museum,52.417147191355625,16.868052024028483
Woliera ptaków,,,attraction,52.40777523478372,16.90524931878584
Black Horse,,sports_centre,,52.38953416732317,16.813478737658805
,,track,,52.4149753537256,16.884589350077057
,,sports_centre,,52.467667664523816,16.792701186396357
POSiR Kiekrz,,sports_centre,,52.47402899491564,16.787603880152176
