name,highway,latitude,longitude
Jelenia,bus_stop,51.1242816,16.9967567
Jelenia,bus_stop,51.1235776,16.9960225
Adamczewskich,bus_stop,51.120845,16.8695353
Adamczewskich,bus_stop,51.1209506,16.8695655
Adamieckiego,bus_stop,51.0732879,16.9636586
Adamieckiego,bus_stop,51.0742614,16.9630038
Borowska (Szpital),bus_stop,51.0746513,17.0325751
Borowska (Szpital),bus_stop,51.0753118,17.0331118
Aleja Pracy,bus_stop,51.0912863,16.9865615
Aleja Pracy,bus_stop,51.0918654,16.9853801
Aleja Pracy,bus_stop,51.0922601,16.9864263
Aleja Wędrowców,bus_stop,51.0879887,16.9918872
Aleja Wędrowców,bus_stop,51.0886682,16.9923073
Arabska,bus_stop,51.0511106,17.0922887
Arabska,bus_stop,51.0511186,17.0924331
Arena,bus_stop,51.0950308,17.02727
Arkady (Capitol),bus_stop,51.1018966,17.0297717
Arkady (Capitol),bus_stop,51.1019644,17.0294025
Armii Krajowej,bus_stop,51.0878161,17.0683328
Azaliowa,bus_stop,51.1639772,17.111943
Azaliowa,bus_stop,51.1641748,17.1119582
Bulwar Dedala,bus_stop,51.1267842,16.9630089
Bulwar Dedala,bus_stop,51.1273411,16.9639282
Bardzka (Cmentarz),bus_stop,51.0723527,17.0528985
Bardzka (Cmentarz),bus_stop,51.0732399,17.0533086
Bardzka,bus_stop,51.0827765,17.0508253
Bardzka,bus_stop,51.0834762,17.0493022
Bartoszowice,bus_stop,51.1025531,17.1160707
Bieńkowice,bus_stop,51.0477794,17.0911543
Biskupin,bus_stop,51.1009732,17.1088227
Biskupin,bus_stop,51.101116,17.1086469
Blacharska,bus_stop,51.0820961,16.9895891
Brochów (Stacja kolejowa),bus_stop,51.063611,17.0837452
Brochów (Stacja kolejowa),bus_stop,51.063753,17.0825008
Brochów,bus_stop,51.0590347,17.0863451
Brochów,bus_stop,51.0589093,17.08732
Bacciarellego,bus_stop,51.1054212,17.1117708
Bacciarellego,bus_stop,51.1056437,17.110487
Bagatela,bus_stop,51.1522105,17.0700665
Bagatela,bus_stop,51.1527665,17.0693936
Bajana,bus_stop,51.1304876,16.9669648
Bajana,bus_stop,51.1312,16.9657492
Bałtycka,bus_stop,51.1366389,17.0306304
Bałtycka,bus_stop,51.1371851,17.0294612
Bałtycka,bus_stop,51.1375907,17.0306136
Bałtycka,bus_stop,51.1382031,17.0294131
Berenta,bus_stop,51.1349756,17.0577777
Berenta,bus_stop,51.1355075,17.0564729
Berenta,bus_stop,51.1355106,17.0575789
Berenta,bus_stop,51.1357898,17.0576384
Bezpieczna,bus_stop,51.1412449,17.0250804
Bezpieczna,bus_stop,51.141433,17.0263255
Bezpieczna,bus_stop,51.1428903,17.0253116
Białych Goździków,bus_stop,51.1568091,17.1009257
Białych Goździków,bus_stop,51.1569299,17.0993349
Bierdzany,bus_stop,51.091727,17.0925437
Bierdzany,bus_stop,51.0921262,17.0912927
Bierutowska (Wiadukt),bus_stop,51.1582454,17.1465846
Bierutowska (Wiadukt),bus_stop,51.1584367,17.1477205
Bierutowska 75,bus_stop,51.155762,17.139987
Bierutowska 75,bus_stop,51.1559686,17.1406843
Bierutowska,bus_stop,51.1537912,17.1363643
Bierutowska,bus_stop,51.1541535,17.136764
Blizanowicka,bus_stop,51.0758365,17.0929603
Blizanowicka,bus_stop,51.0760666,17.0924269
Bociania,bus_stop,51.1296981,17.0981991
Bociania,bus_stop,51.1299998,17.0967863
Bojanowska,bus_stop,51.1653323,16.8819192
Bojanowska,bus_stop,51.1651452,16.88138
Borowska (Aquapark),bus_stop,51.0880601,17.0364747
Borowska (Aquapark),bus_stop,51.0892995,17.0341529
Borowska (Aquapark),bus_stop,51.0893144,17.0339011
Braterska,bus_stop,51.0673476,16.9979598
Brochowska,bus_stop,51.0677737,17.0943749
Brochowska,bus_stop,51.0681109,17.0942101
Brochowska,bus_stop,51.0690171,17.0948156
Księże Wielkie,bus_stop,51.0698201,17.0975758
Brochowska,bus_stop,51.0691094,17.0929492
Królewiecka (Park),bus_stop,51.1482213,16.9307806
Królewiecka (Park),bus_stop,51.1491944,16.930188
Brodzka,bus_stop,51.1568889,16.9229988
Brodzka,bus_stop,51.1575738,16.9241604
Brodzka,bus_stop,51.1575964,16.9219552
Brodzka,bus_stop,51.1581647,16.9223722
Broniewskiego,bus_stop,51.1351048,17.0365059
Broniewskiego,bus_stop,51.135874,17.0375463
Broniewskiego,bus_stop,51.1359064,17.0353222
Broniewskiego,bus_stop,51.1363206,17.0366861
Brzezińska,bus_stop,51.1494429,16.866627
Brzezińska,bus_stop,51.1495384,16.8667505
Brücknera,bus_stop,51.1384638,17.0817879
Brücknera,bus_stop,51.1385919,17.0814357
Brücknera,bus_stop,51.1391366,17.0807161
Brücknera,bus_stop,51.1395152,17.0810758
Buforowa – Rondo,bus_stop,51.070708,17.0538706
Buforowa – Rondo,bus_stop,51.0690108,17.0537951
Bujwida,bus_stop,51.1133678,17.0669099
Bujwida,bus_stop,51.1137043,17.0677559
Bukowskiego,bus_stop,51.0765102,16.977792
Bystrzycka,bus_stop,51.123949,16.9582194
Bystrzycka,bus_stop,51.1233566,16.958731
Bzowa (Centrum Historii Zajezdnia),bus_stop,51.0975255,16.9915212
Bzowa (Centrum Historii Zajezdnia),bus_stop,51.097681,16.9930801
Olsztyńska,bus_stop,51.1404699,17.0940698
Centrum Handlowe Korona,bus_stop,51.1409998,17.0873039
Centrum Handlowe Korona,bus_stop,51.1418012,17.0933751
Centrum Handlowe Korona,bus_stop,51.1421405,17.0927689
Giełdowa (Centrum Hurtu),bus_stop,51.068118,16.9695295
Ceglana,bus_stop,51.1210313,17.1208878
Ceglana,bus_stop,51.1211437,17.1210219
Chińska,bus_stop,51.0608908,17.0817626
Ćwiczebna,bus_stop,51.1584692,17.0088948
Chełmońskiego,bus_stop,51.1035947,17.0914609
Chełmońskiego,bus_stop,51.1037652,17.0908745
Chińska,bus_stop,51.0604208,17.0832745
Chociebuska (Centrum Kultury Nowy Pafawag),bus_stop,51.1146677,16.9580692
Chociebuska (Centrum Kultury Nowy Pafawag),bus_stop,51.1157861,16.9585731
Chwałkowska,bus_stop,51.1595284,16.9107662
Chwałkowska,bus_stop,51.1598016,16.9101466
Chłodna,bus_stop,51.0749922,16.9968332
Chłodna,bus_stop,51.0751122,16.9966953
Ciechocińska,bus_stop,51.1527704,16.8840636
Ciechocińska,bus_stop,51.1525489,16.8834773
Czajkowskiego,bus_stop,51.1391541,17.065109
Dom Handlowy Astra,bus_stop,51.1278521,16.9759871
Dom Handlowy Astra,bus_stop,51.1284262,16.9756762
Dworzec Świebodzki,bus_stop,51.1089772,17.0176253
Dworzec Główny (Dworcowa),bus_stop,51.1000571,17.0391456
Dworzec Główny (Dworcowa),bus_stop,51.1003271,17.0392179
Dworzec Główny (Dworcowa),bus_stop,51.1009609,17.039389
Dworzec Główny (Dworcowa),bus_stop,51.1011371,17.0400381
Dworzec Autobusowy,bus_stop,51.0965844,17.0329551
Dworzec Autobusowy,bus_stop,51.097242,17.0322924
Dworzec Główny,bus_stop,51.0991893,17.0343687
Dworzec Główny,bus_stop,51.0992172,17.0341187
Dworzec Główny,bus_stop,51.099629,17.0351679
Dworzec Główny,bus_stop,51.0996488,17.035464
Dworzec Główny (MDK),bus_stop,51.1007867,17.036076
Dworzec Nadodrze,bus_stop,51.1248159,17.0340923
Dworzec Nadodrze,bus_stop,51.1247575,17.0349905
Dworzec Nadodrze,bus_stop,51.1248451,17.0348212
Damrota,bus_stop,51.1264747,17.0548868
Daszyńskiego,bus_stop,51.1263145,17.0476706
Daszyńskiego,bus_stop,51.1267452,17.0484484
Kępa Mieszczańska,bus_stop,51.1169888,17.0234493
Kępa Mieszczańska,bus_stop,51.1169163,17.0253407
Dobroszycka,bus_stop,51.1514669,17.1282632
Kozanów (Dokerska),bus_stop,51.1415734,16.9637587
Kozanów (Dokerska),bus_stop,51.1415693,16.9635986
Dolnobrzeska,bus_stop,51.1550173,16.8590184
Dolnobrzeska,bus_stop,51.1550221,16.8594203
Drukarska,bus_stop,51.0897766,17.0214157
Drukarska,bus_stop,51.0900704,17.0202436
Drzewieckiego,bus_stop,51.1215755,16.9679146
Drzewieckiego,bus_stop,51.1217711,16.9675782
Dubois,bus_stop,51.1164098,17.0333009
Dubois,bus_stop,51.1169429,17.0341963
Dubois,bus_stop,51.1170403,17.0332262
Joannitów,bus_stop,51.0939298,17.0344259
Dyrekcyjna,bus_stop,51.0943062,17.0322341
Działdowska,bus_stop,51.1331613,17.105799
Dzielna,bus_stop,51.1386388,16.9768953
Dzielna,bus_stop,51.1388666,16.9747546
Długa (ogrody działkowe),bus_stop,51.1238053,17.0106334
Długa (ogrody działkowe),bus_stop,51.1245279,17.0106179
Michalczyka,bus_stop,51.1188794,17.0148715
Michalczyka,bus_stop,51.1190842,17.0153153
Kromera (Czajkowskiego),bus_stop,51.1355832,17.0690841
Kromera (Czajkowskiego),bus_stop,51.1363185,17.0704487
EPI,bus_stop,51.0978246,17.0294933
EPI,bus_stop,51.097589,17.0289787
EPI,bus_stop,51.0981883,17.0304645
Bastion Sakwowy,bus_stop,51.1036847,17.0372824
Bastion Sakwowy,bus_stop,51.1037923,17.0384281
Bastion Sakwowy,bus_stop,51.1042724,17.0374049
FAT,bus_stop,51.0937552,16.9803814
FAT,bus_stop,51.0941214,16.9783674
FAT,bus_stop,51.0945905,16.9777721
FAT,bus_stop,51.0946313,16.9812743
FAT,bus_stop,51.0951552,16.979496
Plac Srebrny,bus_stop,51.0984624,16.9964417
Plac Srebrny,bus_stop,51.0985079,16.9962069
Fiołkowa,bus_stop,51.0930627,16.9782859
Gaj,bus_stop,51.0769013,17.0421643
Galeria Dominikańska,bus_stop,51.1067529,17.0382591
Galeria Dominikańska,bus_stop,51.1073956,17.0396704
Galeria Dominikańska,bus_stop,51.1079846,17.0373581
Galeria Dominikańska,bus_stop,51.1085252,17.038712
Galeria Dominikańska,bus_stop,51.1089203,17.0399143
Grabiszyńska (Cmentarz II),bus_stop,51.0878933,16.9754672
Grabiszyńska (Cmentarz),bus_stop,51.0906145,16.9771335
Grabiszyńska (Cmentarz),bus_stop,51.0898975,16.9766424
Gajowa,bus_stop,51.0917863,17.0399915
Gajowa,bus_stop,51.0919852,17.0398051
Gajowicka,bus_stop,51.0876594,17.0068027
Gajowicka,bus_stop,51.088448,17.0054569
Gajowicka,bus_stop,51.0886367,17.0066628
Gajowicka,bus_stop,51.0890999,17.0067493
Gazowa,bus_stop,51.0781546,17.0704222
Gazowa,bus_stop,51.0782841,17.0685296
Gałczyńskiego,bus_stop,51.0542918,17.0322432
Gałczyńskiego,bus_stop,51.055052,17.0322167
Gałowska,bus_stop,51.1132077,16.8450977
Gałowska,bus_stop,51.1133564,16.8452225
Gajowicka (szkoła),bus_stop,51.084609,17.0038181
Glinianki,bus_stop,51.1380955,16.9363507
Glinianki,bus_stop,51.138507,16.9344338
Godebskiego (AWF Wrocław),bus_stop,51.1137798,17.0984683
Godebskiego (AWF Wrocław),bus_stop,51.1138047,17.0963934
Gorlicka,bus_stop,51.1437741,17.1194278
Gorlicka,bus_stop,51.1432728,17.1204793
Tarczyński Arena (Królewiecka),bus_stop,51.1452074,16.9491544
Grabiszyńska,bus_stop,51.1012424,17.0137613
Grabiszyńska,bus_stop,51.1015957,17.013185
Grabiszyńska,bus_stop,51.1022557,17.0123405
Grabiszyńska,bus_stop,51.1024664,17.0145161
Grabowa,bus_stop,51.1396419,16.9219567
Grabowa,bus_stop,51.1400859,16.9207607
Graniczna,bus_stop,51.1083563,16.9100851
Graniczna,bus_stop,51.1087169,16.9092119
Grawerska,bus_stop,51.1765903,17.0181915
Grochowa,bus_stop,51.0962226,17.0058148
Grochowa,bus_stop,51.0971745,17.0040388
Gromadzka,bus_stop,51.129231,16.8549004
Gromadzka,bus_stop,51.1292346,16.8538819
Grudziądzka,bus_stop,51.1378797,17.0736402
Grudziądzka,bus_stop,51.1379755,17.0752086
Gwiaździsta,bus_stop,51.099554,17.0262999
Górnickiego,bus_stop,51.1162577,17.0549237
Górnickiego,bus_stop,51.1163321,17.055876
Górnicza,bus_stop,51.1399326,16.9593039
Górnicza,bus_stop,51.1405965,16.9592111
Górnicza,bus_stop,51.140594,16.9584108
Gądowianka,bus_stop,51.1192395,16.9710917
Gądowianka,bus_stop,51.1202306,16.9731143
Gąsiorowskiego,bus_stop,51.1445194,17.0404825
Gąsiorowskiego,bus_stop,51.1438403,17.0394617
Gęsia,bus_stop,51.1320208,17.0890802
Gęsia,bus_stop,51.1320334,17.0878407
Główna,bus_stop,51.1629087,16.895729
Główna,bus_stop,51.1631744,16.8966808
Główna,bus_stop,51.1634067,16.8959111
Główna,bus_stop,51.1636392,16.8966942
Hallera,bus_stop,51.0860722,17.012408
Hallera,bus_stop,51.0868032,17.0112261
Hallera,bus_stop,51.0868036,17.0129153
Hallera,bus_stop,51.0871419,17.0124997
Milenijna (Hala Orbita),bus_stop,51.1322122,16.9897731
Milenijna (Hala Orbita),bus_stop,51.1323557,16.989444
Hala Stulecia,bus_stop,51.1070164,17.0728386
Hala Stulecia,bus_stop,51.1074369,17.0726157
Hala Targowa,bus_stop,51.112775,17.0395801
Hartmana,bus_stop,51.1599598,16.8771715
Hartmana,bus_stop,51.1603837,16.8774746
Hippiczna,bus_stop,51.0680136,17.0086012
Hippiczna,bus_stop,51.0689039,17.0095659
Zaolziańska,bus_stop,51.0980217,17.0254287
Zaolziańska,bus_stop,51.0976833,17.0256144
Hutmen,bus_stop,51.0960309,16.9855401
Hutmen,bus_stop,51.0963644,16.9875872
Modra,bus_stop,51.1377419,16.9648912
Hynka,bus_stop,51.1223811,16.9616153
Hynka,bus_stop,51.1224666,16.9621671
Awicenny,bus_stop,51.087117,16.9528386
Awicenny,bus_stop,51.0883547,16.9523991
Inowrocławska,bus_stop,51.1154377,17.0152937
Inowrocławska,bus_stop,51.115592,17.0139613
Inżynierska,bus_stop,51.0945454,16.9918726
Inżynierska,bus_stop,51.0947774,16.9912598
Irysowa,bus_stop,51.1506499,17.0179093
Irysowa,bus_stop,51.1514337,17.0173816
Janówek (WOŚ),bus_stop,51.1917303,16.9063132
Janówek (WOŚ),bus_stop,51.1912491,16.9061903
Jarnołtów,bus_stop,51.1214231,16.8439592
Jerzmanowo (Cmentarz I),bus_stop,51.123629,16.8838174
Jerzmanowo (Cmentarz I),bus_stop,51.1241139,16.8860238
Jerzmanowo (Cmentarz II),bus_stop,51.1231975,16.882804
Jerzmanowska nr 17,bus_stop,51.127415,16.9017977
Jerzmanowska nr 17,bus_stop,51.1275161,16.9006107
Jagodzińska,bus_stop,51.0569496,17.0568526
Jagodzińska,bus_stop,51.0592198,17.0564619
Janówek,bus_stop,51.1981335,16.9057749
Krzeptowska,bus_stop,51.1202394,16.8564823
Krzeptowska,bus_stop,51.1203024,16.855916
Jarocińska,bus_stop,51.1420264,16.9904408
Jarocińska,bus_stop,51.1425283,16.9898401
Jarzębinowa,bus_stop,51.0813151,17.016591
Jarzębinowa,bus_stop,51.0819176,17.0167226
Jastrzębia,bus_stop,51.0846343,17.0112087
Jastrzębia,bus_stop,51.0837251,17.0100483
Jaworowa,bus_stop,51.0802972,17.021251
Jaworowa,bus_stop,51.0817189,17.023163
Jedności Narodowej,bus_stop,51.1210288,17.0433405
Jedności Narodowej,bus_stop,51.1215571,17.0434682
Jeleniogórska,bus_stop,51.1456327,16.8760299
Jeleniogórska,bus_stop,51.1463399,16.8763966
Jasińskiej,bus_stop,51.1208423,16.8766259
Jasińskiej,bus_stop,51.1210416,16.8768178
Jerzmanowska nr 9,bus_stop,51.1260871,16.9098977
Jerzmanowska nr 9,bus_stop,51.1261213,16.90898
Joannitów,bus_stop,51.0933786,17.036113
Jutrosińska,bus_stop,51.1462172,17.0417308
Jutrosińska,bus_stop,51.1470261,17.0419995
Jędrzejowska,bus_stop,51.1584726,16.9158166
Jędrzejowska,bus_stop,51.158359,16.9168611
Kamieńskiego (Pętla),bus_stop,51.1507029,17.0430759
Kamieńskiego (pętla),bus_stop,51.1507044,17.0432221
Klecina (Stacja kolejowa),bus_stop,51.0582072,16.9879646
Klecina,bus_stop,51.065466,16.9877481
Skarbowców,bus_stop,51.0662493,16.9892999
Kolbuszowska (Stadion),bus_stop,51.0939687,16.9969008
Kolbuszowska (Stadion),bus_stop,51.0940248,16.9972988
Koszarowa (Szpital),bus_stop,51.141667,17.0647805
Koszarowa (Uniwersytet),bus_stop,51.1405023,17.0684978
Kowale,bus_stop,51.1289636,17.1016593
Kowale,bus_stop,51.1289567,17.1018389
Kowalska 56,bus_stop,51.1364624,17.0974117
Kozanów,bus_stop,51.1373924,16.9688303
Kozanów,bus_stop,51.1374821,16.968318
Kozanów,bus_stop,51.1374825,16.9687611
Kozanów,bus_stop,51.1375627,16.9688769
Kozanów,bus_stop,51.1378249,16.9679523
Kromera,bus_stop,51.1316392,17.0626304
Kromera,bus_stop,51.1317686,17.0652147
Kromera,bus_stop,51.1319931,17.0658741
Kromera,bus_stop,51.1320249,17.0656895
Kromera,bus_stop,51.1320377,17.0655947
Kromera,bus_stop,51.13223,17.0651554
Kromera,bus_stop,51.1323675,17.0630155
Księże Małe,bus_stop,51.0770085,17.0844174
Księże Małe,bus_stop,51.0778059,17.0836674
Kuźniki (Stacja Kolejowa),bus_stop,51.12622,16.9551016
Kuźniki (Stacja Kolejowa),bus_stop,51.1262394,16.954868
Kuźniki,bus_stop,51.123306,16.9501532
Kuźniki,bus_stop,51.1238425,16.9499691
Kadłubka,bus_stop,51.0762425,16.9686674
Kadłubka,bus_stop,51.0764946,16.9686928
Kamienna,bus_stop,51.0861212,17.0469485
Kamienna,bus_stop,51.0859449,17.0465082
Kamiennogórska (Ośrodek dla niewidomych),bus_stop,51.1425036,16.9007226
Kamiennogórska (Ośrodek dla niewidomych),bus_stop,51.1428509,16.8989241
Kamieńskiego (Szpital),bus_stop,51.1482329,17.0427093
Kamieńskiego (Szpital),bus_stop,51.1492484,17.0432673
Kamieńskiego,bus_stop,51.1392927,17.0332096
Kamieńskiego,bus_stop,51.139605,17.0327104
Karwińska,bus_stop,51.08128,17.0767487
Karwińska,bus_stop,51.0813751,17.0781933
Karwińska,bus_stop,51.0825733,17.0764414
Kasprowicza,bus_stop,51.1374399,17.052915
Kasprowicza,bus_stop,51.1378526,17.0535974
Kasprowicza,bus_stop,51.1380083,17.053698
Katedra,bus_stop,51.1133202,17.0498553
Katedra,bus_stop,51.1142527,17.050777
Kiełczowska (Cmentarz),bus_stop,51.1453809,17.1480437
Kiełczowska,bus_stop,51.1455033,17.1372998
Kiełczowska,bus_stop,51.1457127,17.1358106
Kleczkowska,bus_stop,51.1266661,17.027661
Kleczkowska,bus_stop,51.1274498,17.0278293
Klimasa,bus_stop,51.0799054,17.0623777
Klimasa,bus_stop,51.0801667,17.0624763
Kliniki – Politechnika Wrocławska,bus_stop,51.1091589,17.0665008
Kliniki – Politechnika Wrocławska,bus_stop,51.1098152,17.0648171
Kmieca,bus_stop,51.1046878,17.1464658
Kmieca,bus_stop,51.1052278,17.1458245
Kościelna,bus_stop,51.0628621,16.9834074
Kochanowskiego,bus_stop,51.1150675,17.0736211
Tęczowa,bus_stop,51.105254,17.0138759
Tęczowa,bus_stop,51.1056125,17.0149338
Kolista,bus_stop,51.1325672,16.9727778
Kolista,bus_stop,51.1334309,16.971802
Kolista,bus_stop,51.1327348,16.9738776
Kolista,bus_stop,51.1332358,16.9740735
Komandorska,bus_stop,51.0921632,17.0245248
Komandorska,bus_stop,51.0923614,17.0233463
Kominiarska – plac sportowy,bus_stop,51.1746987,17.010347
Kominiarska – plac sportowy,bus_stop,51.1750267,17.0112484
Komuny Paryskiej,bus_stop,51.1015276,17.0474384
Kopańskiego,bus_stop,51.1544904,17.1189454
Koszarowa,bus_stop,51.1403096,17.0698817
Koszarowa,bus_stop,51.1403327,17.070123
Kowale (Stacja kolejowa),bus_stop,51.1339324,17.1022497
Kowale (Stacja kolejowa),bus_stop,51.1341688,17.1016881
Kowalska I,bus_stop,51.1266936,17.1153376
Kowalska,bus_stop,51.1290122,17.1136364
Kowalska,bus_stop,51.1294916,17.1133008
Kowieńska,bus_stop,51.1429386,17.134413
Kowieńska,bus_stop,51.1429516,17.1356954
Kozia,bus_stop,51.1575169,16.9266671
Kozia,bus_stop,51.1576943,16.927678
Kołobrzeska,bus_stop,51.1210351,16.9454192
Kołobrzeska,bus_stop,51.1212014,16.9449668
Kołobrzeska,bus_stop,51.1219876,16.9475614
Kołobrzeska,bus_stop,51.1215418,16.9469995
Końcowa,bus_stop,51.095822,16.9624753
Końcowa,bus_stop,51.0959904,16.962157
Kościelna,bus_stop,51.0639204,16.983971
Kościelna,bus_stop,51.0637007,16.9813898
Kośnego (Jarnołtowska),bus_stop,51.1204412,16.8631024
Kośnego (Jerzmanowska),bus_stop,51.120715,16.8640176
Rodła,bus_stop,51.1246989,16.8636437
Rodła,bus_stop,51.1248035,16.8635356
Krakowska,bus_stop,51.0927737,17.0611221
Krakowska,bus_stop,51.0925988,17.0609235
Krasińskiego,bus_stop,51.1058628,17.0433512
Krucza,bus_stop,51.0920989,17.0085392
Krucza,bus_stop,51.0934492,17.0084121
Krucza,bus_stop,51.093581,17.009887
Krucza,bus_stop,51.0941164,17.0095227
Krucza,bus_stop,51.0944213,17.0107865
Krucza,bus_stop,51.0950392,17.0086417
Krzelowska,bus_stop,51.1773689,16.8787525
Krzelowska,bus_stop,51.1777211,16.8784177
Krzemieniecka,bus_stop,51.0963648,16.9569546
Krzemieniecka,bus_stop,51.0967315,16.9549054
Królewiecka,bus_stop,51.1452619,16.9464489
Królewiecka,bus_stop,51.1461116,16.9447502
Królewska,bus_stop,51.1555421,17.1292493
Królewska,bus_stop,51.1554118,17.1290869
Krępicka – szkoła,bus_stop,51.1500178,16.8604548
Krępicka – szkoła,bus_stop,51.1501993,16.8600453
Krępicka,bus_stop,51.1505169,16.8552634
Krępicka,bus_stop,51.1512376,16.8563802
Krępicka,bus_stop,51.1513986,16.8561507
Księska,bus_stop,51.0763809,17.0902047
Księska,bus_stop,51.0767122,17.0894641
Kurpiów,bus_stop,51.0551144,17.0264905
Kutrzeby,bus_stop,51.0518363,17.0188095
Kutrzeby,bus_stop,51.0522991,17.0194513
Kwidzyńska,bus_stop,51.1304722,17.0783433
Kwidzyńska,bus_stop,51.1315888,17.0779584
Kwidzyńska,bus_stop,51.1317567,17.0807441
Kwidzyńska,bus_stop,51.1322756,17.0794556
Kwiska,bus_stop,51.1247158,16.984412
Kwiska,bus_stop,51.1252796,16.9834375
Kwiska,bus_stop,51.1255867,16.9834253
Kątowa,bus_stop,51.1562158,17.0443313
Kątowa,bus_stop,51.1556339,17.0440758
Kępińska,bus_stop,51.1442096,17.030825
Kępińska,bus_stop,51.1443519,17.0314656
Kłokoczyce,bus_stop,51.1568718,17.0965727
Leśnica – Hermes,bus_stop,51.1458755,16.8663113
Leśnica – Hermes,bus_stop,51.1461036,16.8656757
Leśnica,bus_stop,51.1446986,16.8716233
Leśnica,bus_stop,51.1447195,16.8712626
Leśnica,bus_stop,51.1447891,16.8718122
Leśnica,bus_stop,51.1447949,16.8714308
Leśnica,bus_stop,51.1448653,16.8719757
Leśnica,bus_stop,51.1448841,16.8716204
Leśnica,bus_stop,51.145185,16.8720005
Litewska,bus_stop,51.1423488,17.127645
Litomska (ZUS),bus_stop,51.1199074,17.0101456
Kiełczowska (LZN),bus_stop,51.1465632,17.1247415
Kiełczowska (LZN),bus_stop,51.1467762,17.1210117
Las Mokrzański,bus_stop,51.1761179,16.8335794
Las Osobowicki,bus_stop,51.1475521,16.9845004
Las Osobowicki,bus_stop,51.1480108,16.9838368
Lekarska,bus_stop,51.1604905,17.0273579
Lekarska,bus_stop,51.161271,17.027731
Libelta,bus_stop,51.1094908,17.1084373
Libelta,bus_stop,51.1100085,17.1086833
Lipska,bus_stop,51.1441259,16.9873392
Lipska,bus_stop,51.144921,16.9866614
Inflancka,bus_stop,51.1423721,17.1304633
Inflancka,bus_stop,51.142401,17.1296302
Lubelska,bus_stop,51.1634802,16.9192798
Lubelska,bus_stop,51.1639099,16.9191599
Poświętne,bus_stop,51.1506693,17.0289657
Poświętne,bus_stop,51.1513241,17.0293317
Metalowców (Ośrodek sportu),bus_stop,51.1295943,16.9549683
Metalowców (Ośrodek sportu),bus_stop,51.129876,16.9549856
Mińska (Rondo Rotmistrza Pileckiego),bus_stop,51.1053135,16.9489389
Mińska (Rondo Rotmistrza Pileckiego),bus_stop,51.1060862,16.9502145
Mińska (Rondo Rotmistrza Pileckiego),bus_stop,51.1072193,16.9495004
Mińska (Rondo Rotmistrza Pileckiego),bus_stop,51.107535,16.9495906
Muchobór Mały (stacja kolejowa),bus_stop,51.1126525,16.9706133
Malinowa,bus_stop,51.066659,17.0105187
Malinowa,bus_stop,51.0671303,17.0107126
Malwowa,bus_stop,51.1669919,17.1101095
Marcepanowa,bus_stop,51.0617584,16.9758092
Marcepanowa,bus_stop,51.0623364,16.9763681
Marchewkowa,bus_stop,51.0664975,16.9740663
Marchewkowa,bus_stop,51.066698,16.9741919
Marszowice,bus_stop,51.1669481,16.8901956
Marszowice,bus_stop,51.1674228,16.8911781
Marszowice,bus_stop,51.1678479,16.8905107
Marszowicka,bus_stop,51.1630126,16.8783651
Marszowicka,bus_stop,51.1631891,16.8785299
Małomicka,bus_stop,51.1666783,16.8877537
Małomicka,bus_stop,51.1668158,16.886703
Małopanewska,bus_stop,51.1239045,16.9868241
Małopanewska,bus_stop,51.1240581,16.9874834
Małopolska (Ośrodek dla niewidomych),bus_stop,51.1378873,16.8976594
Małopolska (Ośrodek dla niewidomych),bus_stop,51.1374686,16.8988367
Maślice Małe (Brodnicka),bus_stop,51.1529382,16.94012
Maślice Małe (Brodnicka),bus_stop,51.1533168,16.9395519
Maślicka (Osiedle),bus_stop,51.1474843,16.9477286
Maślicka (Osiedle),bus_stop,51.1477064,16.947619
Rędzińska (Cmentarz),bus_stop,51.1488436,16.9455412
Rędzińska (Cmentarz),bus_stop,51.1491165,16.9453165
Metalowców,bus_stop,51.1321561,16.9563371
Metalowców,bus_stop,51.1322961,16.9565903
Metalowców,bus_stop,51.1324407,16.9577846
Metalowców,bus_stop,51.1327522,16.958297
Metalowców,bus_stop,51.1330937,16.9592232
Metalowców,bus_stop,51.1337902,16.9567385
Mickiewicza,bus_stop,51.1085065,17.0725438
Mickiewicza,bus_stop,51.1092783,17.0747694
Mielecka,bus_stop,51.0895266,16.9996993
Mielecka,bus_stop,51.0897834,17.0001726
Mikołowska,bus_stop,51.1116962,17.1365764
Miodowa,bus_stop,51.1351571,16.8487664
Miodowa,bus_stop,51.1355621,16.8489462
Międzyrzecka,bus_stop,51.0943675,17.0823643
Międzyrzecka,bus_stop,51.0949595,17.0807734
Miłoszycka,bus_stop,51.1169221,17.1263061
Miłoszycka,bus_stop,51.1162047,17.1277215
Tyrmanda,bus_stop,51.1027296,16.9451412
Tyrmanda,bus_stop,51.1033842,16.9461712
Mochnackiego,bus_stop,51.1419892,17.0366051
Mochnackiego,bus_stop,51.1422887,17.0367714
Modra,bus_stop,51.13626,16.9667748
Mokra,bus_stop,51.1714919,16.8377165
Mokra,bus_stop,51.1715667,16.8373602
Mokrzańska,bus_stop,51.1473175,16.8541934
Mokrzańska,bus_stop,51.1475358,16.8531836
Mokrzańska,bus_stop,51.1492186,16.8546794
Moniuszki,bus_stop,51.119418,17.0852211
Moniuszki,bus_stop,51.1195126,17.0826616
Monopolowa,bus_stop,51.1153551,17.1124061
Monopolowa,bus_stop,51.1155602,17.112339
Monte Cassino,bus_stop,51.1059245,17.105236
Monte Cassino,bus_stop,51.1060368,17.1055192
Monte Cassino,bus_stop,51.1064729,17.1051538
Monte Cassino,bus_stop,51.1065637,17.1044577
Morelowskiego,bus_stop,51.0696822,16.9689629
Morelowskiego,bus_stop,51.0702307,16.9682592
Morwowa,bus_stop,51.0759335,17.0518964
Morwowa,bus_stop,51.0765404,17.0531733
Most Milenijny,bus_stop,51.1365149,16.9992931
Most Milenijny,bus_stop,51.1366749,17.0004158
Armii Krajowej (Bogedaina),bus_stop,51.0853521,17.0652934
Armii Krajowej (Bogedaina),bus_stop,51.0855307,17.066231
Mosty Warszawskie,bus_stop,51.1279694,17.0548649
Mosty Warszawskie,bus_stop,51.1288196,17.055233
Mosty Warszawskie,bus_stop,51.1286374,17.056102
Mroźna,bus_stop,51.1348837,17.1384021
Mroźna,bus_stop,51.1350355,17.1375566
Muchobór Wielki,bus_stop,51.0988402,16.9413741
Muchobór Wielki,bus_stop,51.0989288,16.9415641
Młodych Techników Akademia Sztuk Teatralnych,bus_stop,51.1125976,17.0121434
Młodych Techników Akademia Sztuk Teatralnych,bus_stop,51.112994,17.0128289
Plac Grunwaldzki,bus_stop,51.1126479,17.0648581
Wrocław Nowy Dwór (P+R),bus_stop,51.1193264,16.9521787
Wrocław Nowy Dwór (P+R),bus_stop,51.1194647,16.9519595
Na Niskich Łąkach,bus_stop,51.0962587,17.0565758
Na Niskich Łąkach,bus_stop,51.0967297,17.0571519
Na Niskich Łąkach,bus_stop,51.0966813,17.0577516
Na Niskich Łąkach,bus_stop,51.0970641,17.0554586
Na Niskich Łąkach,bus_stop,51.0972856,17.0554939
Na Niskich Łąkach,bus_stop,51.0971074,17.0561033
Na Ostatnim Groszu,bus_stop,51.1233922,16.9765465
Na Szańcach,bus_stop,51.1188999,17.042043
Na Szańcach,bus_stop,51.119406,17.0420619
Niedziałkowskiego,bus_stop,51.1085784,17.1399356
Niedziałkowskiego,bus_stop,51.1098823,17.1378326
Niedźwiedzia,bus_stop,51.1211645,16.9934802
Niedźwiedzia,bus_stop,51.1217022,16.9933491
Nowodworska,bus_stop,51.1138029,16.9646235
Nowodworska,bus_stop,51.113779,16.9648197
Nowowiejska,bus_stop,51.1243629,17.0451324
Nowowiejska,bus_stop,51.1242404,17.0448968
Nowy Dom,bus_stop,51.0933494,17.1072134
Nowy Dom,bus_stop,51.0934185,17.1071015
Rogowska (Ośrodek Sportu),bus_stop,51.1186277,16.9548752
Rogowska (Ośrodek Sportu),bus_stop,51.1186529,16.9537954
Strzegomska (krzyżówka),bus_stop,51.1124274,16.9607229
Strzegomska (krzyżówka),bus_stop,51.1124186,16.9610261
Strzegomska (krzyżówka),bus_stop,51.1125903,16.9599413
Opatowice,bus_stop,51.0948021,17.1294395
Oporów,bus_stop,51.0838021,16.9707547
Oporów,bus_stop,51.0841864,16.9720465
Pełczyńska (stacja kolejowa),bus_stop,51.1658642,16.9986382
Osobowice,bus_stop,51.1373087,16.9939757
Osobowice,bus_stop,51.1377022,16.9935437
Osobowicka (Cmentarz II),bus_stop,51.1344938,17.011232
Osobowicka (Cmentarz II),bus_stop,51.1349034,17.0091286
Osobowicka (Cmentarz),bus_stop,51.1350721,17.0057456
Osobowicka (Cmentarz),bus_stop,51.1354555,17.0042688
Oboźna,bus_stop,51.0583013,17.0326082
Oboźna,bus_stop,51.0587381,17.0324539
Ogród Botaniczny,bus_stop,51.1161311,17.0510824
Ogród Botaniczny,bus_stop,51.11652,17.051874
Ogród Botaniczny,bus_stop,51.1169041,17.050382
Ogród Botaniczny,bus_stop,51.1170722,17.0514888
Ojca Beyzyma,bus_stop,51.090339,16.9921381
Ojca Beyzyma,bus_stop,51.09064,16.9922481
Okrzei,bus_stop,51.106357,17.0992569
Okrzei,bus_stop,51.1064466,17.0985053
Opatowicka nr 127,bus_stop,51.0919488,17.1330238
Opatowicka nr 127,bus_stop,51.0921677,17.1329632
Opatowicka nr 59,bus_stop,51.0950917,17.1159249
Opatowicka nr 85,bus_stop,51.0951155,17.123785
Opatowicka nr 85,bus_stop,51.0952082,17.1232039
Orla,bus_stop,51.080096,17.0077788
Orla,bus_stop,51.0801639,17.0084943
Orlińskiego,bus_stop,51.1221238,16.9719296
Orlińskiego,bus_stop,51.1225212,16.9729165
Orzechowa,bus_stop,51.0829407,17.0416523
Orzechowa,bus_stop,51.0833445,17.0394751
Osiedle Przyjaźni,bus_stop,51.0692259,16.9966667
Osiedle Przyjaźni,bus_stop,51.069577,16.9973738
Ostowa (Muzeum Militarne),bus_stop,51.1623127,17.0031141
Ostowa (Muzeum Militarne),bus_stop,51.1626467,17.0021766
Ostrowskiego,bus_stop,51.0950304,16.9738858
Ostrowskiego,bus_stop,51.0953048,16.9729934
Ostrowskiego,bus_stop,51.0957271,16.972853
Owczarska,bus_stop,51.1517184,16.8646895
Owczarska,bus_stop,51.1527581,16.863587
Ołtaszyn,bus_stop,51.0564957,17.0249914
Ołtaszyn,bus_stop,51.0567578,17.0240073
Ołtaszyn,bus_stop,51.0568981,17.0222766
Ołtaszyn,bus_stop,51.0581263,17.0234614
Ożynowa,bus_stop,51.064411,17.0094595
Ożynowa,bus_stop,51.0649529,17.0099199
Park Południowy,bus_stop,51.0724155,17.0109462
Park Południowy,bus_stop,51.0726239,17.0107359
Park Południowy,bus_stop,51.0736424,17.0125003
Pilczyce,bus_stop,51.1363185,16.9498834
Pilczyce,bus_stop,51.1364308,16.9505188
Pilczyce,bus_stop,51.136655,16.9480239
Plac Daniłowskiego,bus_stop,51.1386912,17.0602685
Plac Daniłowskiego,bus_stop,51.1382409,17.0597953
Plac Grunwaldzki,bus_stop,51.1111614,17.061469
Plac Grunwaldzki,bus_stop,51.111427,17.059916
Plac Grunwaldzki,bus_stop,51.1114561,17.0605333
Plac Grunwaldzki,bus_stop,51.1116344,17.060504
Plac Grunwaldzki,bus_stop,51.1116378,17.0599557
Plac Grunwaldzki,bus_stop,51.1119662,17.0625527
Plac Grunwaldzki,bus_stop,51.1119799,17.0640416
Plac Grunwaldzki,bus_stop,51.1120621,17.0628903
Plac Grunwaldzki,bus_stop,51.1121934,17.0633616
Plac Jana Pawła II,bus_stop,51.1117507,17.0204735
Plac Jana Pawła II,bus_stop,51.1112288,17.0214076
Plac Jana Pawła II,bus_stop,51.1121615,17.0207122
Plac Jana Pawła II,bus_stop,51.1122392,17.0228114
Plac Staszica,bus_stop,51.122081,17.0307755
Plac Staszica,bus_stop,51.1218395,17.0305836
Awicenny (Poczta Polska),bus_stop,51.0867298,16.9493059
Starościńska,bus_stop,51.1622487,17.0458176
Starościńska,bus_stop,51.1628875,17.0457377
Wrocław Popowice (17. południk),bus_stop,51.1259134,17.0028501
Wrocław Popowice (17. południk),bus_stop,51.1261179,16.9996315
Poświęcka (Ośrodek zdrowia),bus_stop,51.1565029,17.0321025
Pracze Odrzańskie (Stacja kolejowa),bus_stop,51.1714002,16.9024992
Pracze Odrzańskie (Stacja kolejowa),bus_stop,51.1721544,16.9033968
Pracze Odrzańskie,bus_stop,51.1742577,16.9082608
Pracze Odrzańskie,bus_stop,51.1742994,16.9055336
Pracze Odrzańskie,bus_stop,51.1746935,16.9064255
Pracze Odrzańskie,bus_stop,51.1747197,16.9066027
Pułtuska,bus_stop,51.0743461,17.0149709
Pułtuska,bus_stop,51.0745273,17.0164526
Pułtuska,bus_stop,51.0747786,17.0161841
Palacha,bus_stop,51.1405051,17.1263147
Palacha,bus_stop,51.140603,17.126386
Paprotna,bus_stop,51.1478438,17.0204265
Paprotna,bus_stop,51.1481901,17.0206243
Parafialna,bus_stop,51.0622637,17.0312043
Parafialna,bus_stop,51.0631421,17.0322605
Parafialna,bus_stop,51.0618097,17.0322549
Kazachstańska,bus_stop,51.0626804,17.0759531
Kazachstańska,bus_stop,51.0632809,17.0748725
Park Stabłowicki,bus_stop,51.1596817,16.8936959
Park Stabłowicki,bus_stop,51.1601932,16.8937334
Park Szczytnicki,bus_stop,51.1114055,17.0821677
Park Szczytnicki,bus_stop,51.1115478,17.0830343
Płaska,bus_stop,51.108733,16.9432952
Płaska,bus_stop,51.109218,16.9415811
Park Zachodni,bus_stop,51.1287947,16.9728769
Park Zachodni,bus_stop,51.1298551,16.9709438
Partynice – Tor Wyścigów Konnych,bus_stop,51.0608309,16.9985536
Partynice – Tor Wyścigów Konnych,bus_stop,51.0615548,16.9976464
Partyzantów,bus_stop,51.1062484,17.0938539
Partyzantów,bus_stop,51.1063288,17.092056
Paulińska,bus_stop,51.1202951,17.0353379
Paulińska,bus_stop,51.1209705,17.0350074
Pawłowicka,bus_stop,51.1681756,17.1125085
Pawłowicka,bus_stop,51.1693528,17.1131465
Pereca,bus_stop,51.1011081,17.0075585
Pereca,bus_stop,51.1011148,17.0079877
Piastowska,bus_stop,51.1153721,17.0608886
Piastowska,bus_stop,51.1157887,17.0601105
Piramowicza (Kampus Biskupin),bus_stop,51.1029942,17.0969686
Piramowicza (Kampus Biskupin),bus_stop,51.1030668,17.0957155
Piwnika-Ponurego,bus_stop,51.1495092,17.11106
Piwnika-Ponurego,bus_stop,51.1502187,17.1098607
Piłsudskiego,bus_stop,51.1018288,17.0247717
Piłsudskiego,bus_stop,51.1020426,17.025307
Plac Hirszfelda,bus_stop,51.0944784,17.0164757
Plac Solidarności,bus_stop,51.1131664,17.0180932
Plac Solidarności,bus_stop,51.1134111,17.0179587
Poczta Główna,bus_stop,51.1078918,17.0457576
Pola,bus_stop,51.1367172,17.0431695
Pola,bus_stop,51.136751,17.0447035
Konopackiej,bus_stop,51.1692256,17.0244428
Konopackiej,bus_stop,51.1697839,17.0238491
Poleska,bus_stop,51.1460488,17.1282616
Poleska,bus_stop,51.1465189,17.1289915
Polkowicka,bus_stop,51.1551833,16.8729628
Polkowicka,bus_stop,51.155348,16.8733327
Pomorska,bus_stop,51.1172294,17.0317584
Pomorska,bus_stop,51.1172692,17.0319043
Pomorska,bus_stop,51.1178972,17.0310065
Pomorska,bus_stop,51.1180624,17.0305648
Park Popowicki,bus_stop,51.1260468,16.9967064
Park Popowicki,bus_stop,51.1262686,16.996355
Poprzeczna,bus_stop,51.1457787,17.0729754
Poprzeczna,bus_stop,51.1466106,17.0742132
Wrocław Szczepin,bus_stop,51.1211168,17.0119495
Połabian,bus_stop,51.0562403,16.9704906
Połabian,bus_stop,51.0567179,16.9713367
Pracze Widawskie,bus_stop,51.1776397,17.0156203
Krucza (Mielecka),bus_stop,51.0932608,17.0024978
Krucza (Mielecka),bus_stop,51.0934143,17.0037754
Prudnicka,bus_stop,51.0892078,17.0450561
Prudnicka,bus_stop,51.0900522,17.0448209
Prusa,bus_stop,51.1198475,17.0566777
Prusa,bus_stop,51.119793,17.056532
Przebiśniegowa,bus_stop,51.1730339,17.1135562
Przebiśniegowa,bus_stop,51.1725449,17.1133444
Przedwiośnie (Stacja kolejowa),bus_stop,51.1595132,17.121486
Przedwiośnie (Stacja kolejowa),bus_stop,51.1602523,17.1210166
Przedwiośnie (Stacja kolejowa),bus_stop,51.1601968,17.1221262
Przybyły,bus_stop,51.1088927,16.9189461
Przybyły,bus_stop,51.1089838,16.9171422
Przyjaźni,bus_stop,51.0678026,17.0037529
Przyjaźni,bus_stop,51.0687728,17.0047588
Przyjaźni,bus_stop,51.0697398,17.0040145
Przystankowa,bus_stop,51.0699976,17.0322187
Przystankowa,bus_stop,51.0715142,17.0325736
Psie Pole (Stacja kolejowa),bus_stop,51.149697,17.1200306
Pustecka,bus_stop,51.1399678,16.8539209
Północna,bus_stop,51.1570425,16.9344643
Północna,bus_stop,51.1575608,16.9335228
Płońskiego,bus_stop,51.1446236,16.8673294
Płońskiego,bus_stop,51.1447324,16.8684104
Ratyń,bus_stop,51.1296783,16.8609436
ROD Bielany,bus_stop,51.0552239,16.9775153
ROD Bielany,bus_stop,51.0553895,16.9776532
Park Brochowski,bus_stop,51.0639086,17.0723399
ROD Mieczyk,bus_stop,51.0642392,17.0688848
ROD Oświata,bus_stop,51.1009837,16.972804
ROD Oświata,bus_stop,51.1019514,16.9727967
ROD Pod Dębem,bus_stop,51.1537091,17.1044492
ROD Pod Dębem,bus_stop,51.1543789,17.1046698
Rondo Obrońców Grodna,bus_stop,51.1647791,17.0276925
Rondo Obrońców Grodna,bus_stop,51.1647811,17.0280891
ROD Storczyk,bus_stop,51.0477094,17.01604
ROD Storczyk,bus_stop,51.0477567,17.015928
Rogowska (Ogrody Działkowe),bus_stop,51.1113539,16.9529146
Rogowska (Ogrody Działkowe),bus_stop,51.1115729,16.9523133
ROD Zgoda,bus_stop,51.0660596,17.0599736
ROD Zgoda,bus_stop,51.0662968,17.0592645
ROD Źródło Zdrowia,bus_stop,51.1506897,17.108583
ROD Źródło Zdrowia,bus_stop,51.1512034,17.1077116
Rubczaka (Stacja kolejowa),bus_stop,51.143102,16.8666552
Rubczaka (Stacja kolejowa),bus_stop,51.1433101,16.8663839
Racławicka (szkoła),bus_stop,51.0846862,17.0069564
Modlińska,bus_stop,51.0813702,17.0000962
Modlińska,bus_stop,51.0816989,17.0006124
Radio i Telewizja,bus_stop,51.0718592,17.0060249
Radio i Telewizja,bus_stop,51.071886,17.00633
Radwanice – Skrajna,bus_stop,51.0616197,17.1010061
Rakowiecka,bus_stop,51.0971048,17.0676734
Rakowiecka,bus_stop,51.0972451,17.0682527
Ratyń – skrzyżowanie,bus_stop,51.1295891,16.8477661
Ratyń – skrzyżowanie,bus_stop,51.1299814,16.846689
Ratyń – skrzyżowanie,bus_stop,51.1306674,16.8475991
Redycka,bus_stop,51.1486882,17.0755741
Redycka,bus_stop,51.1492437,17.0750422
Reja,bus_stop,51.1122641,17.0575141
Reja,bus_stop,51.1127716,17.0555872
Renoma,bus_stop,51.1037648,17.0306432
Renoma,bus_stop,51.1041251,17.0323263
Renoma,bus_stop,51.1042936,17.0300089
Rogowska (P+R),bus_stop,51.1104179,16.9560509
Rogowska (P+R),bus_stop,51.1104358,16.9558318
Rondo,bus_stop,51.0910852,17.017835
Rondo,bus_stop,51.0916104,17.0178351
Rondo,bus_stop,51.0916732,17.015813
Rondo,bus_stop,51.0916812,17.0162497
Grota-Roweckiego,bus_stop,51.0506497,17.0304122
Grota-Roweckiego,bus_stop,51.0507464,17.0300886
Rubczaka,bus_stop,51.1442087,16.865977
Rubczaka,bus_stop,51.1440468,16.8661131
Rynek,bus_stop,51.1094491,17.0264831
Rynek,bus_stop,51.1110653,17.0272138
Rynek,bus_stop,51.1112044,17.026957
Rynek,bus_stop,51.111977,17.0272218
Port Popowice,bus_stop,51.1278763,16.9906671
Port Popowice,bus_stop,51.1284963,16.989982
Rzemieślnicza,bus_stop,51.1710798,17.00405
Różanka,bus_stop,51.1391928,17.0208508
Różanka,bus_stop,51.1395028,17.0216972
Rędzin,bus_stop,51.1662508,16.9666595
Rędzińska,bus_stop,51.1573863,16.9488761
Rękodzielnicza,bus_stop,51.1362432,16.9603489
Rękodzielnicza,bus_stop,51.1370165,16.9578761
Sołtysowice,bus_stop,51.1552104,17.0644117
Spiska (Ośrodek sportu),bus_stop,51.0831482,17.0311183
Spiska (Ośrodek sportu),bus_stop,51.0835692,17.0299797
Stabłowicka (Ośrodek zdrowia),bus_stop,51.1668912,16.8986329
Stabłowicka (Ośrodek zdrowia),bus_stop,51.1675053,16.8992601
Tarczyński Arena (Królewiecka),bus_stop,51.1440187,16.949663
Tarczyński Arena (Królewiecka),bus_stop,51.1450256,16.9478947
Jarnołtowska (Samotworska),bus_stop,51.1200783,16.8502462
Jarnołtowska (Samotworska),bus_stop,51.120152,16.8498111
Sanocka,bus_stop,51.0932784,17.0300779
Serbska (Centrum Kultury Agora),bus_stop,51.1336579,17.0198903
Serbska (Centrum Kultury Agora),bus_stop,51.133905,17.0196646
Skarbowców,bus_stop,51.0670662,16.9915076
Zarembowicza,bus_stop,51.1077954,16.8991711
Skarżyńskiego,bus_stop,51.1092084,16.9041736
Skierniewicka,bus_stop,51.0776551,17.0144701
Skierniewicka,bus_stop,51.0781596,17.0149453
Smocza,bus_stop,51.1033608,17.1547482
Smocza,bus_stop,51.1027208,17.1554553
Solskiego,bus_stop,51.081253,16.9677579
Solskiego,bus_stop,51.0817891,16.9686808
Sosnowiecka,bus_stop,51.0702567,17.0917996
Sosnowiecka,bus_stop,51.0706638,17.0915582
Sowia,bus_stop,51.0737424,17.0016581
Sowia,bus_stop,51.0737793,17.0019676
Sołtysowicka,bus_stop,51.1420305,17.0708248
Sołtysowicka,bus_stop,51.1438186,17.0713576
Spółdzielcza,bus_stop,51.1020869,17.1024654
Spółdzielcza,bus_stop,51.1018554,17.103066
Spółdzielcza,bus_stop,51.1026651,17.1024288
Spółdzielcza,bus_stop,51.1027939,17.102722
Stabłowice,bus_stop,51.155674,16.8909649
Stabłowice,bus_stop,51.1564972,16.8913933
Stabłowicka,bus_stop,51.1703319,16.9016336
Stadion Olimpijski,bus_stop,51.116898,17.0900776
Stadion Olimpijski,bus_stop,51.117116,17.0902383
Stalowa,bus_stop,51.0989717,17.00131
Stalowa,bus_stop,51.0994699,17.0004405
Stalowa,bus_stop,51.0996705,17.0016603
Stanisławowska (Wrocławski Klub Formaty),bus_stop,51.0968383,16.946856
Stanisławowska (Wrocławski Klub Formaty),bus_stop,51.0969282,16.9469722
Stanki,bus_stop,51.0761764,16.973956
Stanki,bus_stop,51.0763359,16.9722802
Starodworska,bus_stop,51.0737652,17.1086172
Starodworska,bus_stop,51.0738792,17.1084303
Starodębowa,bus_stop,51.1673292,17.1059311
Strachowice General Aviation,bus_stop,51.1049977,16.8991023
Strachowicka,bus_stop,51.1235188,16.9190884
Strachowicka,bus_stop,51.1236789,16.9168843
Strachowskiego,bus_stop,51.0582301,17.0155397
Strachowskiego,bus_stop,51.0586438,17.0138048
Strumykowa,bus_stop,51.101406,17.157723
Strumykowa,bus_stop,51.1004691,17.1587821
Suwalska,bus_stop,51.1517714,16.9271583
Suwalska,bus_stop,51.1522407,16.926829
Swojczyce,bus_stop,51.1145835,17.1288578
Swojczyce,bus_stop,51.1147925,17.1281831
Kolumba,bus_stop,51.114089,17.1171103
Kolumba,bus_stop,51.1142214,17.1160903
Szczecińska,bus_stop,51.1224536,16.9310098
Szczecińska,bus_stop,51.122569,16.9306203
Szczepin,bus_stop,51.1170992,17.0079722
Szczepin,bus_stop,51.1177208,17.0075347
Szewczenki,bus_stop,51.1417972,17.1254691
Szewczenki,bus_stop,51.1417418,17.1235407
Szkocka,bus_stop,51.1091461,16.9685674
Szkocka,bus_stop,51.110106,16.9688758
Szkolna,bus_stop,51.1316125,16.8481782
Szkolna,bus_stop,51.1325727,16.8481159
Sudecka,bus_stop,51.0844389,17.0180708
Sudecka,bus_stop,51.0847814,17.0189353
Sudecka,bus_stop,51.0856705,17.016615
Sztabowa,bus_stop,51.0880145,17.0142836
Sztabowa,bus_stop,51.0889297,17.0146573
Szybowcowa,bus_stop,51.1293922,16.9652234
Szybowcowa,bus_stop,51.1294366,16.9655404
Sąsiedzka,bus_stop,51.0667517,16.9947365
Sępolno,bus_stop,51.1136394,17.1032936
Sępolno,bus_stop,51.1137907,17.1037166
Sępolno,bus_stop,51.1139365,17.1040187
Sępolno,bus_stop,51.1139763,17.1037281
Słoneczna,bus_stop,51.0588298,16.9737967
Słoneczna,bus_stop,51.0597343,16.9745995
Słowiańska,bus_stop,51.1235467,17.0402217
Słowiańska,bus_stop,51.1236287,17.0413489
Tarnogaj,bus_stop,51.0786028,17.0639431
Tarnogaj,bus_stop,51.0786747,17.0643141
Serowarska,bus_stop,51.142716,16.8623803
Serowarska,bus_stop,51.1434058,16.8638186
Tczewska,bus_stop,51.1306154,17.1119381
Tczewska,bus_stop,51.1314756,17.1111816
Topolowa,bus_stop,51.0694707,17.080424
Topolowa,bus_stop,51.0696013,17.0800842
Tramwajowa,bus_stop,51.104209,17.0831314
Tramwajowa,bus_stop,51.1042937,17.0838804
Tarnogajska,bus_stop,51.0835276,17.0597171
Tarnogajska,bus_stop,51.0837696,17.0589299
Trawowa,bus_stop,51.097042,16.9504826
Trawowa,bus_stop,51.0972555,16.9494901
Trzebnicka,bus_stop,51.1279216,17.0363475
Trzebnicka,bus_stop,51.1286452,17.0365434
Trzebnicka,bus_stop,51.1286992,17.0368483
Trzmielowicka,bus_stop,51.1409297,16.8545821
Trzmielowicka,bus_stop,51.1417149,16.855353
Tunelowa,bus_stop,51.064879,17.0655045
Tunelowa,bus_stop,51.0651344,17.0647142
Turoszowska,bus_stop,51.1527388,16.9472945
Turoszowska,bus_stop,51.1530568,16.9476372
Milicka,bus_stop,51.1523001,17.0434188
Milicka,bus_stop,51.1528107,17.0437072
Uniwersytet Ekonomiczny,bus_stop,51.0895387,17.0272884
Uniwersytet Ekonomiczny,bus_stop,51.08977,17.0267456
Uniwersytet Ekonomiczny,bus_stop,51.0900482,17.0291808
Uniwersytet Ekonomiczny,bus_stop,51.0902454,17.0286366
Uniwersytet Wrocławski,bus_stop,51.1137041,17.0322332
Urząd Wojewódzki (Impart),bus_stop,51.1084408,17.0499637
Urząd Wojewódzki (Muzeum Narodowe),bus_stop,51.1098054,17.0476029
Urząd Wojewódzki (Muzeum Narodowe),bus_stop,51.1104547,17.0485865
Volvo – brama II,bus_stop,51.1181461,17.1116517
Volvo,bus_stop,51.1201861,17.1147611
Wałbrzyska,bus_stop,51.0639596,16.9795201
Wałbrzyska,bus_stop,51.0649053,16.9761343
Wojnów,bus_stop,51.0970913,17.1641141
Wallenroda,bus_stop,51.1549728,17.119139
Wallenroda,bus_stop,51.1561465,17.1204707
Warmińska,bus_stop,51.1464795,16.9402055
Warmińska,bus_stop,51.1467377,16.9383691
Wawrzyniaka,bus_stop,51.0765886,16.9968545
Wawrzyniaka,bus_stop,51.0780789,16.9982079
Weigla (Szpital),bus_stop,51.0764567,17.0176884
Weigla (Szpital),bus_stop,51.0774044,17.0191256
Wejherowska (Hala Orbita),bus_stop,51.1291014,16.985309
Wejherowska (Hala Orbita),bus_stop,51.1294543,16.986644
Wejherowska (Hala Orbita),bus_stop,51.129844,16.9851421
Wełniana,bus_stop,51.1607705,16.9053846
Wełniana,bus_stop,51.1611847,16.904495
Wiaduktowa,bus_stop,51.0752071,17.0764104
Wiaduktowa,bus_stop,51.0754545,17.0761028
Widawa,bus_stop,51.1755022,17.0211996
Widawa,bus_stop,51.1753112,17.0227814
Widawa,bus_stop,51.1757765,17.0231929
Wiejska,bus_stop,51.0770044,16.9641542
Wiejska,bus_stop,51.0774272,16.9622
Wiejska,bus_stop,51.0776406,16.9639218
Wiejska,bus_stop,51.0781922,16.9641193
Wielka,bus_stop,51.0930033,17.0194926
Wielka,bus_stop,51.0942216,17.0214779
Wielkopolska,bus_stop,51.1411526,16.886909
Wielkopolska,bus_stop,51.1405956,16.8875782
Wilkszyńska,bus_stop,51.1735508,16.886682
Wilkszyńska,bus_stop,51.1736404,16.8862443
Wiślańska,bus_stop,51.1359228,16.9790533
Wiślańska,bus_stop,51.1363824,16.9789072
Wiśniowa,bus_stop,51.083245,17.0240488
Wiśniowa,bus_stop,51.0835575,17.0264284
Wiśniowa,bus_stop,51.084314,17.023632
Wiśniowa,bus_stop,51.0844586,17.0256928
Wojszyce,bus_stop,51.0658354,17.0323989
Wojszyce,bus_stop,51.0654093,17.0322151
Wojszycka,bus_stop,51.0677273,17.0143541
Wolska,bus_stop,51.1469429,16.8694486
Wolska,bus_stop,51.1467291,16.869396
Wrocławski Park Przemysłowy,bus_stop,51.1125713,16.9942368
Wrocławski Park Technologiczny,bus_stop,51.1050676,16.9707616
Wrocławski Park Technologiczny,bus_stop,51.1061197,16.9706979
Wołowska,bus_stop,51.1484283,17.0302369
Wołowska,bus_stop,51.1473076,17.0298782
Wschowska,bus_stop,51.1447828,16.8817388
Wschowska,bus_stop,51.1448649,16.8818591
Wschowska,bus_stop,51.1449337,16.8812895
Wschowska,bus_stop,51.14518,16.8801959
Wysoka,bus_stop,51.0463242,17.0121501
Wyszyńskiego,bus_stop,51.1219414,17.052924
Wyszyńskiego,bus_stop,51.1223306,17.0518776
Wyszyńskiego,bus_stop,51.122791,17.0526546
Wyszyńskiego,bus_stop,51.1225356,17.0527721
Wyścigowa,bus_stop,51.0696904,17.0120654
Wyścigowa,bus_stop,51.0704758,17.0115612
Magellana,bus_stop,51.1134327,17.1222842
Magellana,bus_stop,51.1135478,17.1210854
Wrocław Mikołajów (Zachodnia),bus_stop,51.1160713,17.0004505
Zakrzów,bus_stop,51.1618723,17.1244209
Zakrzów,bus_stop,51.1622784,17.1251531
Karłowice,bus_stop,51.134192,17.0365486
Zacisze,bus_stop,51.1242924,17.0782335
Zacisze,bus_stop,51.1243564,17.0778261
Zagrodnicza,bus_stop,51.1066731,17.1433337
Zagrodnicza,bus_stop,51.1071707,17.142246
Zagłoby,bus_stop,51.1095425,16.9302738
Zagłoby,bus_stop,51.1097984,16.9280047
Zagłębiowska,bus_stop,51.0727138,17.0892053
Zagłębiowska,bus_stop,51.0740087,17.0880339
Zajazdowa,bus_stop,51.1479795,16.8653649
Zajazdowa,bus_stop,51.1481056,16.8653702
Paprotna,bus_stop,51.1493003,17.0212208
Zajączkowska,bus_stop,51.1928319,16.9779288
Zajączkowska,bus_stop,51.1932917,16.9781649
Zakrzowska,bus_stop,51.1506036,17.115525
Zakrzowska,bus_stop,51.1507573,17.1158461
Zakrzowska,bus_stop,51.1516625,17.1156713
Zakrzowska,bus_stop,51.1520293,17.1165727
Zalewowa,bus_stop,51.0904996,17.1350852
Zalewowa,bus_stop,51.0908128,17.1345686
Zaporoska,bus_stop,51.0965021,17.0145459
Zaporoska,bus_stop,51.0969646,17.0156547
Zaporoska,bus_stop,51.0969789,17.0135676
Zaporoska,bus_stop,51.097902,17.0146665
Zbożowa,bus_stop,51.1735343,16.9121583
Zbożowa,bus_stop,51.1734302,16.9129219
Zemska,bus_stop,51.1154777,16.9473397
Zemska,bus_stop,51.1160399,16.9470521
Zgorzelisko,bus_stop,51.1383692,17.131333
Zgorzelisko,bus_stop,51.1388973,17.1305497
Zielińskiego,bus_stop,51.0980991,17.0201926
Zielińskiego,bus_stop,51.0985217,17.0205107
Zielna,bus_stop,51.145152,17.107382
Ziemniaczana,bus_stop,51.0540653,17.0923413
Ziemniaczana,bus_stop,51.0537276,17.0925895
Zimowa,bus_stop,51.0706508,16.9987623
Zimowa,bus_stop,51.0713155,17.0000176
Zimowa,bus_stop,51.0720202,17.0008161
Rondo Świętego Ojca Pio,bus_stop,51.0591038,17.0068551
Rondo Świętego Ojca Pio,bus_stop,51.0588281,17.0070253
Rondo Świętego Ojca Pio,bus_stop,51.0595012,17.0062159
Rondo Świętego Ojca Pio,bus_stop,51.0597496,17.0057314
Złotnicka,bus_stop,51.1430042,16.8888817
Złotnicka,bus_stop,51.1436244,16.889359
Złotnicka,bus_stop,51.1437802,16.8905907
Złotnicka,bus_stop,51.144103,16.888874
Złotniki,bus_stop,51.1395107,16.8916742
Złotniki,bus_stop,51.1389833,16.8932613
Most Grunwaldzki,bus_stop,51.110136,17.0554905
Most Grunwaldzki,bus_stop,51.1102122,17.0553849
Most Osobowicki,bus_stop,51.1330547,17.0275618
Most Osobowicki,bus_stop,51.1331623,17.0263487
Plac Bema,bus_stop,51.1169689,17.0432621
Plac Bema,bus_stop,51.117496,17.0410759
Plac Bema,bus_stop,51.1175026,17.0421194
Plac Legionów,bus_stop,51.1037468,17.0226432
Plac Legionów,bus_stop,51.1041651,17.0202131
Plac Orląt Lwowskich,bus_stop,51.1065045,17.0217496
Plac Orląt Lwowskich,bus_stop,51.107145,17.0193934
Plac Orląt Lwowskich,bus_stop,51.1070283,17.0214506
Plac Orląt Lwowskich,bus_stop,51.1076779,17.0210096
Plac Strzegomski (Muzeum Współczesne),bus_stop,51.1127595,17.0071784
Plac Strzegomski (Muzeum Współczesne),bus_stop,51.1132434,17.0078914
Plac Wróblewskiego,bus_stop,51.1053429,17.0489412
Plac Wróblewskiego,bus_stop,51.1060451,17.0467765
Plac Wróblewskiego,bus_stop,51.1058786,17.0467486
Plac Zgody (Muzeum Etnograficzne),bus_stop,51.0998984,17.0543154
Łososiowicka,bus_stop,51.1757125,16.8811793
Ługowa,bus_stop,51.1590619,17.0445062
Ługowa,bus_stop,51.1592213,17.044689
Łużycka,bus_stop,51.136109,17.0166087
Łużycka,bus_stop,51.1362341,17.0164061
Świniary,bus_stop,51.196645,16.9749932
Śliwowa,bus_stop,51.1549008,16.9389852
Ślusarska,bus_stop,51.0840688,16.9903637
Ślusarska,bus_stop,51.0847687,16.9905147
Śniadeckich,bus_stop,51.1197515,17.0774612
Śniadeckich,bus_stop,51.1201155,17.0780028
Śniadeckich,bus_stop,51.1205733,17.0773175
Śnieżna,bus_stop,51.1495233,16.8789502
Śnieżna,bus_stop,51.1496948,16.8793911
Średzka,bus_stop,51.1452603,16.8663534
Średzka,bus_stop,51.145148,16.8665435
Eluarda,bus_stop,51.1462046,16.8673972
Eluarda,bus_stop,51.146461,16.8672733
Śrubowa,bus_stop,51.1121713,16.9996177
Śrubowa,bus_stop,51.1124383,17.0009978
Świdnicka,bus_stop,51.1070279,17.0328461
Świdnicka,bus_stop,51.107441,17.0326941
Świeradowska,bus_stop,51.0768437,17.0480017
Świstackiego,bus_stop,51.0990101,17.0501394
Świstackiego,bus_stop,51.0995615,17.0509002
Świt,bus_stop,51.0604333,17.0254929
Świt,bus_stop,51.0607506,17.0267803
Świętokrzyska,bus_stop,51.1173221,17.0442876
Żar,bus_stop,51.14966,16.8346823
Żelazna,bus_stop,51.0961425,17.0125343
Żerniki,bus_stop,51.1230642,16.9248429
Żerniki,bus_stop,51.1236379,16.9229625
Żmigrodzka (Obwodnica),bus_stop,51.1543338,17.0281304
Żmigrodzka (Obwodnica),bus_stop,51.154133,17.0286793
Żmudzka,bus_stop,51.1440125,17.1409841
Żmudzka,bus_stop,51.1453675,17.1417916
Żmudzka,bus_stop,51.1454546,17.1420225
8 Maja,bus_stop,51.1135608,17.0922903
Kuźniki,bus_stop,51.1240035,16.9509334
Kamiennogórska (Ośrodek dla niewidomych),bus_stop,51.1420889,16.9001004
Małopolska (Ośrodek dla niewidomych),bus_stop,51.1379715,16.8986863
Bieńkowice,bus_stop,51.0472489,17.0913962
Park Wschodni,bus_stop,51.084891,17.0721987
Park Wschodni,bus_stop,51.0851977,17.0720485
Krakowska (Centrum handlowe),bus_stop,51.0900475,17.064807
Sieradzka,bus_stop,51.0929113,17.0328853
Sieradzka,bus_stop,51.0930172,17.032489
Sieradzka,bus_stop,51.093294,17.0319758
,bus_stop,51.093432,17.031488
Dawida / Joannitów,bus_stop,51.0950969,17.037695
Dawida / Joannitów,bus_stop,51.0952696,17.037713
Dawida / Joannitów,bus_stop,51.095456,17.037731
Petrusewicza,bus_stop,51.0921481,17.0309495
Wojnów,bus_stop,51.0973353,17.1634271
Pułaskiego,bus_stop,51.0986717,17.0439761
Świstackiego,bus_stop,51.0991338,17.0502612
Kościuszki,bus_stop,51.0999856,17.0445652
Dworzec Główny (Dworcowa),bus_stop,51.1005398,17.0392742
Plac Zgody (Muzeum Etnograficzne),bus_stop,51.1006361,17.0533114
Dworzec Główny (Dworcowa),bus_stop,51.1010553,17.0403993
Komuny Paryskiej (szkoła),bus_stop,51.1025055,17.0448776
Bastion Sakwowy,bus_stop,51.1035187,17.0369373
Plac Wróblewskiego,bus_stop,51.1041734,17.0482787
Plac Orląt Lwowskich,bus_stop,51.107452,17.022456
Plac Orląt Lwowskich,bus_stop,51.1076437,17.0222289
Galeria Dominikańska,bus_stop,51.1084087,17.0385838
Hala Targowa,bus_stop,51.1126612,17.0394222
Plac Solidarności,bus_stop,51.113531,17.0176859
Plac Solidarności,bus_stop,51.1137075,17.0176772
Plac Bema,bus_stop,51.1166599,17.0417113
Głogowska,bus_stop,51.1174366,17.0035541
Szczepin,bus_stop,51.1176248,17.0064842
Głogowska,bus_stop,51.1176968,17.0040264
,bus_stop,51.1204954,16.9949569
Niedźwiedzia,bus_stop,51.1214977,16.9945401
Kuźniki,bus_stop,51.1229449,16.9495183
Kwiska,bus_stop,51.1261913,16.9848365
Kętrzyńska,bus_stop,51.1309915,17.0744416
Kętrzyńska,bus_stop,51.1311135,17.0726458
Kromera,bus_stop,51.132008,17.0657834
Kromera,bus_stop,51.1325885,17.0656773
Pilczyce,bus_stop,51.1366931,16.9481943
Pilczyce,bus_stop,51.136733,16.9483462
Kamieńskiego,bus_stop,51.1394411,17.0311873
Litewska,bus_stop,51.1423846,17.128028
Litewska,bus_stop,51.1424333,17.1284309
Psie Pole (Rondo Lotników Polskich),bus_stop,51.1481845,17.1174237
Żar,bus_stop,51.1498749,16.8345789
Psie Pole (stacja kolejowa),bus_stop,51.1502144,17.1208593
Kozia,bus_stop,51.1574706,16.9278934
Wysoka Osiedle,bus_stop,51.0510817,17.0018306
Zielna,bus_stop,51.1454109,17.1078265
Przybyszewskiego,bus_stop,51.1401166,17.0629765
Semaforowa,bus_stop,51.0617036,17.0795943
Morwowa,bus_stop,51.077274,17.0517296
Mulicka,bus_stop,51.144983,17.11697
Nyska,bus_stop,51.0828934,17.0548853
Dworska,bus_stop,51.143631,16.9531209
Dworska,bus_stop,51.1437791,16.9529675
Bystrzycka,bus_stop,51.1240135,16.9590195
Obornicka (Obwodnica),bus_stop,51.1570503,17.0106908
Obornicka (Obwodnica),bus_stop,51.1579375,17.0099998
Psie Pole (Rondo Lotników Polskich),bus_stop,51.1478339,17.1149106
Szkoła Żerniki,bus_stop,51.1211911,16.926865
Szkoła Żerniki,bus_stop,51.1214004,16.9251596
Wałbrzyska,bus_stop,51.0632321,16.9767692
Krajobrazowa,bus_stop,51.1289783,16.8396498
Krajobrazowa,bus_stop,51.1291239,16.8404524
Tarczyński Arena (Lotnicza),bus_stop,51.13811,16.9427326
Tarczyński Arena (Lotnicza),bus_stop,51.1383781,16.9426116
Pawłowice,bus_stop,51.1655372,17.106418
Poświęcka,bus_stop,51.1560221,17.03373
Poświęcka,bus_stop,51.1565213,17.0340553
Komuny Paryskiej,bus_stop,51.1015727,17.0464614
Komuny Paryskiej,bus_stop,51.1021876,17.0466121
Kościuszki,bus_stop,51.0995283,17.0452568
Kościuszki,bus_stop,51.1001398,17.0454326
Lipska,bus_stop,51.145068,16.9873481
Strzegomska (krzyżówka),bus_stop,51.1125301,16.9596581
Obornicka (Obwodnica),bus_stop,51.1574698,17.0094076
Psie Pole (Stacja kolejowa),bus_stop,51.1500411,17.1184692
Psie Pole (Rondo Lotników Polskich),bus_stop,51.1470587,17.1167491
Rdestowa,bus_stop,51.1112704,16.8881561
Rondo Obrońców Grodna,bus_stop,51.1665376,17.027356
Witkowska,bus_stop,51.147693,16.9885358
Witkowska,bus_stop,51.1484183,16.9889402
Ślazowa,bus_stop,51.1525978,16.996102
Rdestowa,bus_stop,51.110932,16.8906969
Dobroszycka,bus_stop,51.1513892,17.1268862
Kochanowskiego,bus_stop,51.1151275,17.0734672
Krakowska (Centrum handlowe),bus_stop,51.0906453,17.0638768
Poleska,bus_stop,51.146165,17.1305389
Żmudzka,bus_stop,51.1446791,17.1409554
Bartoszowice,bus_stop,51.1023998,17.1162666
Pilczyce,bus_stop,51.1368364,16.9485465
Królewiecka,bus_stop,51.1451082,16.9443238
Tarczyński Arena (Królewiecka),bus_stop,51.1437439,16.9479835
Tarczyński Arena (Królewiecka),bus_stop,51.1438714,16.9483176
Tarczyński Arena (Królewiecka),bus_stop,51.1439393,16.9482129
Tarczyński Arena (Królewiecka),bus_stop,51.1435435,16.9478197
Tarczyński Arena (Królewiecka),bus_stop,51.1435001,16.9479534
Tarczyński Arena (Królewiecka),bus_stop,51.1437031,16.9481187
Lipska (Sanktuarium),bus_stop,51.1513214,16.9929563
Lipska (Sanktuarium),bus_stop,51.1515108,16.9929059
Plac Hirszfelda,bus_stop,51.0938241,17.0179689
Psie Pole (Stacja kolejowa),bus_stop,51.1496571,17.1196227
Kwiatkowskiego,bus_stop,51.0586671,16.9558527
Olsztyńska,bus_stop,51.1393688,17.0951117
Osiedle Sobieskiego,bus_stop,51.1590322,17.1324556
Psie Pole (stacja kolejowa),bus_stop,51.1495358,17.1189379
Graniczna (Strachowicka),bus_stop,51.1107976,16.8986155
Graniczna (Strachowicka),bus_stop,51.1110149,16.89821
Osiedle Sobieskiego,bus_stop,51.159875,17.1333786
Osiedle Sobieskiego,bus_stop,51.1600255,17.1334914
Osiedle Sobieskiego,bus_stop,51.1592539,17.1327787
Psie Pole,bus_stop,51.1455694,17.1111218
Psie Pole,bus_stop,51.1458028,17.1113418
Słonimskiego,bus_stop,51.1306223,17.044288
Słonimskiego,bus_stop,51.1305607,17.0450635
Psie Pole (Rondo Lotników Polskich),bus_stop,51.1472171,17.1144744
Port Lotniczy,bus_stop,51.1094166,16.8823881
Na Ostatnim Groszu,bus_stop,51.123208,16.9749997
Na Ostatnim Groszu,bus_stop,51.1225492,16.9748356
Wrocław Nowy Dwór (P+R),bus_stop,51.1199275,16.9526655
Fieldorfa (Szpital),bus_stop,51.1441218,16.9066693
Kosmonautów (Szpital),bus_stop,51.142481,16.9060235
Narodowe Forum Muzyki,bus_stop,51.1079732,17.0263843
Port Lotniczy,bus_stop,51.1102235,16.8797219
Dworzec Główny (Stawowa),bus_stop,51.0994259,17.033396
Fieldorfa (Szpital),bus_stop,51.1444355,16.9070063
Żar,bus_stop,51.1497345,16.8334619
Strzegomska 148,bus_stop,51.1143013,16.9738638
Strzegomska 148,bus_stop,51.1143743,16.9738718
Wojanowska,bus_stop,51.1538486,16.8933212
Psie Pole (stacja kolejowa),bus_stop,51.1506179,17.1209805
Gospodarska,bus_stop,51.1186233,17.1229703
Jagodno (P+R),bus_stop,51.0529431,17.0578165
Kajdasza,bus_stop,51.0543837,17.057799
Konduktorska,bus_stop,51.0675433,17.0547023
Rondo Świętego Ojca Pio,bus_stop,51.0601659,17.0075604
Tyniecka,bus_stop,51.0720996,16.9585789
Kwiatkowskiego (Rondo),bus_stop,51.0725527,16.9536169
Zwycięska,bus_stop,51.0592829,17.011311
Jordanowska,bus_stop,51.0785934,16.9580067
Jordanowska,bus_stop,51.0796519,16.9574888
Jordanowska,bus_stop,51.0787127,16.9564351
Bukowskiego,bus_stop,51.0767127,16.9773625
Kminkowa,bus_stop,51.179764,17.0059382
Zakładowa,bus_stop,51.1298928,17.038404
Zakładowa,bus_stop,51.1300099,17.0386854
Waniliowa,bus_stop,51.1782887,16.9997014
Stoszowska,bus_stop,51.1515883,16.9108941
Stoszowska,bus_stop,51.1514151,16.9109591
Olbrachtowska,bus_stop,51.1527216,16.9050545
Arachidowa,bus_stop,51.1541758,16.8990117
Olbrachtowska,bus_stop,51.1530921,16.9040997
Gospodarska,bus_stop,51.1190264,17.1227938
Krzyki,bus_stop,51.0752811,17.0067964
Plac Jana Pawła II,bus_stop,51.1129906,17.0208433
Wrocław Mikołajów (Zachodnia),bus_stop,51.1160768,17.0011957
Świeradowska,bus_stop,51.0770391,17.0462443
Rymarska,bus_stop,51.0792843,16.991324
Rymarska,bus_stop,51.0795255,16.9928535
Racławicka,bus_stop,51.0777113,16.9835312
Waniliowa,bus_stop,51.1783766,16.9994756
Racławicka,bus_stop,51.0773932,16.984018
Racławicka,bus_stop,51.0774881,16.9851049
Widna,bus_stop,51.0862746,17.04489
Borowska (Aquapark),bus_stop,51.0879408,17.0360563
Tyniecka (pętla),bus_stop,51.0759491,16.9528823
Piastowska,bus_stop,51.1162078,17.0609082
Tymiankowa,bus_stop,51.1758303,16.9936735
Tymiankowa,bus_stop,51.1756784,16.9937151
Racławicka,bus_stop,51.0775554,16.9832929
Reja,bus_stop,51.1120973,17.0572502
Muchobór Wielki (Roślinna),bus_stop,51.1017317,16.9441038
Zagony,bus_stop,51.1008892,16.9423808
Rondo Świętego Ojca Pio,bus_stop,51.0593196,17.0079563
Gaj,bus_stop,51.0771595,17.0399192
Działkowa,bus_stop,51.0783831,17.0342692
Krynicka,bus_stop,51.0794027,17.0503577
Bardzka,bus_stop,51.082215,17.0492787
ROD Bajki,bus_stop,51.082531,17.0343854
Gaj – pętla,bus_stop,51.0767826,17.0510009
Gaj – pętla,bus_stop,51.0767784,17.0505573
Działkowa,bus_stop,51.0777475,17.0338296
ROD Bajki,bus_stop,51.0830199,17.0360179
Gaj – pętla,bus_stop,51.0771184,17.0496031
Pełczyńska (stacja kolejowa),bus_stop,51.1662194,16.9986167
Lipa Piotrowska,bus_stop,51.1728438,16.9950306
Perzowa,bus_stop,51.1772459,16.9908965
Perzowa,bus_stop,51.1767603,16.991468
Lipa Piotrowska,bus_stop,51.1738674,16.994227
Kominiarska,bus_stop,51.1691649,16.9971494
Kominiarska,bus_stop,51.168754,16.997233
Złotostocka,bus_stop,51.0771459,17.0602663
Złotostocka,bus_stop,51.0773299,17.0618597
Tarnogaj,bus_stop,51.0777916,17.0646731
Śliczna,bus_stop,51.0850875,17.0349789
ROD Bajki,bus_stop,51.0839037,17.0353146
Bardzka,bus_stop,51.0832123,17.0480253
Śliczna,bus_stop,51.0856097,17.0353863
ROD Bajki,bus_stop,51.083428,17.0340868
Krzyki,bus_stop,51.0743887,17.0067048
Krzyki,bus_stop,51.074567,17.0067284
Krzyki,bus_stop,51.0748832,17.0065767
Krzyki,bus_stop,51.0748548,17.0062432
Krzyki,bus_stop,51.0749534,17.0063978
Krzyki,bus_stop,51.0757353,17.0076558
Kurpiów,bus_stop,51.0545717,17.0269615
Partynice – Tor Wyścigów Konnych,bus_stop,51.0613136,16.9959843
Krynicka,bus_stop,51.0795453,17.0507456
Kamienna,bus_stop,51.0849965,17.0479865
Plac Jana Pawła II,bus_stop,51.1121247,17.0222165
Armii Krajowej,bus_stop,51.0875011,17.0683067
Kaczorowskiego,bus_stop,51.1268622,16.8815638
Kaczorowskiego,bus_stop,51.1261979,16.8799513
Jerzmanowo (Cmentarz),bus_stop,51.1247297,16.8889011
Jerzmanowo (Cmentarz),bus_stop,51.1252363,16.8878482
Osiniecka,bus_stop,51.1219114,16.8914787
Osiniecka,bus_stop,51.1219429,16.8912023
Żernicka,bus_stop,51.1257877,16.9116641
Żernicka,bus_stop,51.1255685,16.9123977
Arachidowa,bus_stop,51.1545031,16.8977954
Fieldorfa,bus_stop,51.1465244,16.9080419
Mulicka,bus_stop,51.1457315,17.1168277
8 Maja,bus_stop,51.1135412,17.0910895
Kużniki,bus_stop,51.1234921,16.951128
Hermanowska,bus_stop,51.1221627,16.955804
Kiełczowska (Cmentarz),bus_stop,51.1453629,17.1487949
Hermanowska,bus_stop,51.1223176,16.9558863
Most Osobowicki,bus_stop,51.1330299,17.026166
Galeria Dominikańska,bus_stop,51.1090074,17.0412613
Port Lotniczy,bus_stop,51.1091921,16.8831009
Piołunowa,bus_stop,51.1226646,16.8798384
Piołunowa,bus_stop,51.1218977,16.8794557
Wrocław Nowy Dwór (P+R),bus_stop,51.1199055,16.9522428
Dworzec Autobusowy,bus_stop,51.0970734,17.0375322
Dworzec Autobusowy,bus_stop,51.0972312,17.036224
Dworzec Autobusowy,bus_stop,51.0971859,17.0364628
Dworzec Autobusowy,bus_stop,51.0970762,17.0365297
Dworzec Autobusowy,bus_stop,51.0971215,17.0362864
Wrocław Szczepin,bus_stop,51.1221583,17.0123097
Zakrzów,bus_stop,51.1619322,17.1246807
Działdowska,bus_stop,51.1331776,17.1054122
Petrusewicza,bus_stop,51.0918325,17.0328603
Petrusewicza,bus_stop,51.0916513,17.0327661
Petrusewicza,bus_stop,51.0920158,17.0317561
Petrusewicza,bus_stop,51.0920124,17.0306839
Petrusewicza,bus_stop,51.0918556,17.0316102
Vivaldiego,bus_stop,51.0504468,17.0589538
Vivaldiego,bus_stop,51.0492736,17.0591831
EPI,bus_stop,51.098338,17.0308528
Cynamonowa,bus_stop,51.1759234,16.9982235
Cynamonowa,bus_stop,51.1760052,16.9980212
Katedra,bus_stop,51.1134573,17.0524051
Skwerowa,bus_stop,51.0962617,17.0315402
Plac Grunwaldzki,bus_stop,51.1124694,17.0608259
Rzemieślnicza,bus_stop,51.1712463,17.0044404
Lawendowa,bus_stop,51.1697332,17.0004588
Lawendowa,bus_stop,51.1698751,16.9999899
Opatowicka nr 59,bus_stop,51.0951598,17.1166085
Hallera,bus_stop,51.0856905,17.0112004
Opolska,bus_stop,51.065536,17.0969114
Mikołowska,bus_stop,51.11081,17.1368067
Kowalska 56,bus_stop,51.1360532,17.09758
Psie Pole (Rondo Lotników Polskich),bus_stop,51.1465644,17.1154536
Jerzmanowo (Cmentarz I),bus_stop,51.124646,16.8869616
Bierutowska (Ośrodek zdrowia),bus_stop,51.1516316,17.1307659
Królewiecka (Staw),bus_stop,51.1544703,16.9240437
Maślicka (Staw),bus_stop,51.155788,16.936112
Hubska (Dawida),bus_stop,51.0928066,17.0429461
Hubska (Dawida),bus_stop,51.0940226,17.0429667
Fieldorfa,bus_stop,51.1464498,16.9077675
Wojanowska,bus_stop,51.154023,16.8948663
Odrodzenia Polski,bus_stop,51.1640227,17.1258214
Odrodzenia Polski,bus_stop,51.1643111,17.126206
Odolanowska,bus_stop,51.1659554,17.1279943
Odolanowska,bus_stop,51.1667485,17.1290307
Odolanowska,bus_stop,51.1660996,17.1291286
Psie Pole (Gorlicka),bus_stop,51.1459952,17.1134976
Nabycińska,bus_stop,51.1082169,17.0154156
Husarska,bus_stop,51.0601375,17.0013352
Husarska,bus_stop,51.0601766,17.0021811
Maślicka (Staw),bus_stop,51.1560961,16.9358798
Malinowskiego,bus_stop,51.0623488,17.0549524
Aleja Architektów,bus_stop,51.1391524,16.9286143
Aleja Architektów,bus_stop,51.1388951,16.927821
Skarżyńskiego,bus_stop,51.1091843,16.9053239
Wapienna,bus_stop,51.0867696,17.0432908
Wapienna,bus_stop,51.0871429,17.0424784
Kosmonautów (Szpital),bus_stop,51.1422039,16.9043429
Malinowskiego,bus_stop,51.0628081,17.0554654
Dworzec Nadodrze,bus_stop,51.1242397,17.0332643
Nabycińska,bus_stop,51.1081584,17.0163198
Awicenny (Stacja kolejowa),bus_stop,51.0912418,16.9506056
Awicenny (Stacja kolejowa),bus_stop,51.0915587,16.9505586
Klecina,bus_stop,51.0653584,16.9868221
Samotworska,bus_stop,51.1190492,16.8477201
Samotworska,bus_stop,51.1188173,16.8478869
Konduktorska,bus_stop,51.0661723,17.0547017
Opolska,bus_stop,51.0649514,17.0973312
Siedzikówny,bus_stop,51.1513158,17.1232687
Wrocławski Park Przemysłowy,bus_stop,51.1125152,16.9935845
Uniwersytet Dolnośląski DSW,bus_stop,51.1122404,16.989608
Oporów,bus_stop,51.0841724,16.9719465
Strzegomska (Muzeum Współczesne),bus_stop,51.1124679,17.0051163
Plac Daniłowskiego,bus_stop,51.138658,17.0589817
Sucha,bus_stop,51.0968596,17.0393828
Uniwersytet Dolnośląski DSW,bus_stop,51.1121507,16.989311
Fabryczna,bus_stop,51.112336,16.9834805
Otyńska,bus_stop,51.1124081,16.9779945
Otyńska,bus_stop,51.1127287,16.9772143
Fabryczna,bus_stop,51.1124808,16.9826356
Ratyń – skrzyżowanie,bus_stop,51.1303156,16.847654
Żar,bus_stop,51.1500789,16.8340233
Rędzińska,bus_stop,51.1570526,16.9494185
Bierutowska 65,bus_stop,51.1523301,17.1325093
Bierutowska 65,bus_stop,51.1522606,17.1317241
Gagarina,bus_stop,51.0956704,16.9350139
Gagarina,bus_stop,51.0949272,16.9342705
Kurlandzka,bus_stop,51.1370987,17.1337406
Kurlandzka,bus_stop,51.1367143,17.1342985
Wrocław Szczepin,bus_stop,51.1218509,17.0124099
Wrocławski Park Przemysłowy,bus_stop,51.1129912,16.9950899
Wrocławski Park Przemysłowy,bus_stop,51.1128262,16.9954889
Smolecka,bus_stop,51.1110471,17.0060357
Smolecka,bus_stop,51.1108817,17.0064326
Śrubowa,bus_stop,51.111576,17.002095
Dworzec Świebodzki,bus_stop,51.1088142,17.0180221
Daszyńskiego,bus_stop,51.1275363,17.0475482
Daszyńskiego,bus_stop,51.1274994,17.0477899
Grzybowa,bus_stop,51.1589321,16.8532027
Bałtycka (szkoła),bus_stop,51.1382148,17.0291204
Chachaja,bus_stop,51.0823911,16.9558969
Na Grobli (Hydropolis),bus_stop,51.1050252,17.0546421
Na Grobli (Hydropolis),bus_stop,51.1048669,17.0547939
Chachaja,bus_stop,51.0813977,16.9562012
Skwer Krasińskiego,bus_stop,51.1039153,17.0409537
Skwer Krasińskiego,bus_stop,51.1032709,17.0425269
Kochanowskiego,bus_stop,51.1144411,17.0736325
Witelona,bus_stop,51.1124897,17.0737314
Tarnogaj,bus_stop,51.0782522,17.0673039
Obornicka (Obwodnica),bus_stop,51.1574449,17.0116268
Syrokomli,bus_stop,51.1373065,17.0491718
Syrokomli,bus_stop,51.1371815,17.0471038
Arena,bus_stop,51.0941605,17.026417
Kosmonautów (pętla),bus_stop,51.1403299,16.9140321
Obornicka (Wołowska),bus_stop,51.1443586,17.0237151
Szymanowskiego,bus_stop,51.1170197,17.0840049
Szymanowskiego,bus_stop,51.1171325,17.0835541
Kępa Mieszczańska,bus_stop,51.1161655,17.0245562
Polanowice,bus_stop,51.1665008,17.046843
Okólna,bus_stop,51.1026525,17.0657941
Okólna,bus_stop,51.1022915,17.0663813
Mosty Pomorskie,bus_stop,51.1148705,17.0307798
Mosty Pomorskie,bus_stop,51.1145917,17.0306095
Dembowskiego (Kosiby),bus_stop,51.105746,17.090167
Chełmońskiego,bus_stop,51.1044859,17.0899567
Park Biznesu,bus_stop,51.1140495,16.9841187
Park Biznesu,bus_stop,51.1141971,16.9837286
8 Maja,bus_stop,51.1128763,17.0905136
Dembowskiego (Kosiby),bus_stop,51.1067793,17.090655
Babimojska,bus_stop,51.1141456,16.9779228
Babimojska,bus_stop,51.1140769,16.977932
Zabrodzka,bus_stop,51.0633888,16.9751658
Wejherowska (Hala Orbita),bus_stop,51.1298768,16.9849431
Zagony,bus_stop,51.0997962,16.9414534
Park Tysiąclecia,bus_stop,51.1184376,16.9462944
Park Tysiąclecia,bus_stop,51.1175584,16.9461833
Budziszyńska,bus_stop,51.1128637,16.9495395
Budziszyńska,bus_stop,51.1130631,16.9495698
Malinowskiego,bus_stop,51.0628074,17.0541468
Asfaltowa (Szkoła),bus_stop,51.064227,17.0426363
Parafialna,bus_stop,51.062728,17.0332831
Klasztorna,bus_stop,51.0643393,17.038207
Klasztorna,bus_stop,51.0646638,17.038238
Asfaltowa (Szkoła),bus_stop,51.0642054,17.0423585
Maszkowskiego,bus_stop,51.0630411,17.0502953
Maszkowskiego,bus_stop,51.0633564,17.048109
Mazowiecka,bus_stop,51.107813,17.05069
Kosmonautów,bus_stop,51.1406322,16.9141973
Kosmonautów,bus_stop,51.141165,16.9124142
Grzybowa,bus_stop,51.1592247,16.8530793
Kośnego (Jerzmanowska),bus_stop,51.120573,16.864357
Kosmonautów (Szpital),bus_stop,51.1411959,16.9048082
Halicka,bus_stop,51.1361252,16.9010525
Częstochowska,bus_stop,51.1334606,16.8990943
Częstochowska,bus_stop,51.1342516,16.8999609
Halicka,bus_stop,51.137531,16.9026062
Kosmonautów (Szpital),bus_stop,51.1416395,16.9061854
Międzyrzecka,bus_stop,51.0944002,17.0799779
Międzyrzecka,bus_stop,51.0937909,17.0784746
Armii Krajowej,bus_stop,51.0880924,17.0706513
Chełmońskiego,bus_stop,51.103326,17.0889903
Biegasa,bus_stop,51.1012016,17.0876344
Biegasa,bus_stop,51.1012376,17.0879458
Armii Krajowej,bus_stop,51.0877844,17.0694008
Rogowska,bus_stop,51.1100807,16.9547055
Osiedle Sobieskiego,bus_stop,51.1600909,17.1339904
Kręta,bus_stop,51.1246487,17.0371319
Most Milenijny,bus_stop,51.1361018,16.9986856
Wschodnia (Stacja Badawczo-Naukowa),bus_stop,51.1133668,17.145383
Halicka,bus_stop,51.1371278,16.9007661
,bus_stop,51.0973444,16.9916664
Kaparowa,bus_stop,51.1785806,17.0043259
Kaparowa,bus_stop,51.1785685,17.0029151
Cynamonowa (Szkoła),bus_stop,51.1762132,17.0044708
Kozia (Szkoła),bus_stop,51.1648731,16.9262422
Kozia (Szkoła),bus_stop,51.1644257,16.9263502
Jagodno (P+R),bus_stop,51.0533987,17.0569223
Jagodno (P+R),bus_stop,51.053317,17.0569562
Jagodno (P+R),bus_stop,51.0532578,17.0569868
Jagodno (P+R),bus_stop,51.0531552,17.0570272
Jagodno (P+R),bus_stop,51.0538036,17.0569631
Galeria Dominikańska,bus_stop,51.1089397,17.0418104
Galeria Dominikańska,bus_stop,51.1088664,17.0422598
Morwowa,bus_stop,51.0761592,17.0520244
Bardzka (Cmentarz),bus_stop,51.0733414,17.0528885
Bardzka (Cmentarz),bus_stop,51.0731878,17.0527433
Konduktorska,bus_stop,51.0671447,17.0543927
Konduktorska,bus_stop,51.066988,17.0542902
Malinowskiego,bus_stop,51.0622101,17.054791
Buforowa – Rondo,bus_stop,51.069051,17.0536338
Buforowa – Rondo,bus_stop,51.069361,17.0536165
Kopycińskiego,bus_stop,51.0577128,17.0563908
Kopycińskiego,bus_stop,51.0578485,17.0564824
Zaziębie,bus_stop,51.1994129,16.9745677
Zaziębie,bus_stop,51.199181,16.9745557
Świniary (Pęgowska),bus_stop,51.1967244,16.9757838
Świniary (Pęgowska),bus_stop,51.1965547,16.9761754
