name,highway,longitude,latitude
Studencka- uczelniana,bus_stop,17.9942911,53.1237895
Plac Kościeleckich,bus_stop,18.0042287,53.1205889
Plac Poznański,bus_stop,17.9868648,53.1227476
Rondo Grunwaldzkie,bus_stop,17.9859978,53.1266579
Grunwaldzka / Kanałowa,bus_stop,17.977999,53.1300988
Krajeńska / Koronowska,bus_stop,17.9591084,53.1410798
Wiejska / Krajeńska,bus_stop,17.9552877,53.1418203
Wiejska / Chojnicka,bus_stop,17.9567401,53.1465108
Deszczowa / Wiejska,bus_stop,17.957198,53.1501579
Deszczowa / Wichrowa,bus_stop,17.9501617,53.1485376
Czyżkówko,bus_stop,17.9493389,53.1443996
Deszczowa / Wichrowa,bus_stop,17.9506271,53.1485326
Wiejska / Deszczowa,bus_stop,17.9575998,53.1498183
Wiejska / Chojnicka,bus_stop,17.9568972,53.1476599
Krajeńska / Wiejska,bus_stop,17.9555514,53.1414142
Nad Torem / Orlicza,bus_stop,17.9627448,53.1401967
Rondo Maczka P+R,bus_stop,17.9636945,53.1379105
Grunwaldzka / Kraszewskiego,bus_stop,17.9699412,53.1329813
Grunwaldzka / Kanałowa,bus_stop,17.9790142,53.1294447
Plac Poznański,bus_stop,17.9882799,53.1215015
Nowy Rynek,bus_stop,17.9978602,53.1200214
Zbożowy Rynek,bus_stop,18.003456,53.1196882
Rondo Jagiellonów,bus_stop,18.0072591,53.1224699
Plac Kościeleckich,bus_stop,18.0051935,53.1205587
Szubińska / Żwirki i Wigury,bus_stop,17.9664979,53.1157208
Szubińska / Gnieźnieńska,bus_stop,17.9738425,53.1178129
Szubińska / Piękna,bus_stop,17.979672,53.1194638
Rondo Jagiellonów,bus_stop,18.0087132,53.1240702
Markwarta / 3 Maja,bus_stop,18.0105558,53.1267572
Rondo Ossolińskich,bus_stop,18.0162694,53.1269962
Plac Weyssenhoffa,bus_stop,18.0153769,53.1293813
UKW,bus_stop,18.0212531,53.1319586
Sułkowskiego / Czerkaska,bus_stop,18.0286931,53.1398723
Leśne,bus_stop,18.0311984,53.1434395
Myślęcinek,bus_stop,18.0393639,53.1615079
Zamczysko / Gdańska,bus_stop,18.0473572,53.1648054
Armii Krajowej / Zamczysko,bus_stop,18.0553331,53.163179
Jeździecka / Gdańska,bus_stop,18.0516496,53.1727697
Jeździecka / Ogród Botaniczny,bus_stop,18.0447956,53.17601
Jeździecka / Hipiczna,bus_stop,18.0327653,53.1757538
Jeździecka / Dżokejowa,bus_stop,18.0188584,53.176278
Jeździecka / Dżokejowa,bus_stop,18.0192031,53.1762003
Jeździecka / Hipiczna,bus_stop,18.0328494,53.1755921
Jeździecka / Ogród Botaniczny,bus_stop,18.0451835,53.175692
Gdańska / Jeździecka,bus_stop,18.0512776,53.1718897
Zamczysko / Armii Krajowej,bus_stop,18.0534299,53.1632427
Zamczysko / Gdańska,bus_stop,18.0469815,53.1650179
Modrzewiowa / Gdańska,bus_stop,18.0261084,53.1451886
Modrzewiowa / Gdańska,bus_stop,18.0257252,53.1454714
Sułkowskiego / Czerkaska,bus_stop,18.0285053,53.1400879
Sułkowskiego / Kamienna,bus_stop,18.0233501,53.1354892
UKW,bus_stop,18.0212253,53.130852
Zbożowy Rynek,bus_stop,18.0027088,53.1200273
Nowy Rynek P+R,bus_stop,17.9974994,53.1203806
Plac Poznański,bus_stop,17.9898079,53.1223045
Szubińska / Piękna,bus_stop,17.9776947,53.1192793
Szubińska / Gnieźnieńska,bus_stop,17.9715403,53.1175964
Grunwaldzka / Kraszewskiego,bus_stop,17.9691281,53.1335486
Trzciniec / Sarnia,bus_stop,17.946847,53.0874275
,bus_stop,17.8861794,53.0987704
Bielawy PKS,bus_stop,18.0368495,53.131456
Błonie,bus_stop,17.96117,53.1148222
Błonie,bus_stop,17.9607859,53.1147068
Wzgórze Wolności,bus_stop,18.015124,53.1148904
Wzgórze Wolności,bus_stop,18.0195165,53.1143682
Wojska Polskiego / Ujejskiego,bus_stop,18.0231471,53.1139151
Wojska Polskiego / Ujejskiego,bus_stop,18.0247954,53.1128121
Stadion BKS Chemik,bus_stop,18.0313594,53.1016992
Magnuszewska / Modrakowa,bus_stop,18.0326837,53.1068099
Magnuszewska / Modrakowa,bus_stop,18.0317293,53.1067774
Wojska Polskiego / Kładka,bus_stop,18.030509,53.1100602
Wojska Polskiego / Kładka,bus_stop,18.0310271,53.1095196
Glinki,bus_stop,18.0400571,53.0974273
Glinki,bus_stop,18.0397432,53.0975924
Glinki / Zajęcza,bus_stop,18.0355672,53.0996593
Glinki / Zajęcza,bus_stop,18.0346397,53.0999293
Stadion BKS Chemik,bus_stop,18.0319675,53.1015343
Glinki BFM [końcowy],bus_stop,18.0438753,53.0889553
Glinki / Eltra,bus_stop,18.0443261,53.0920375
Glinki / Polon,bus_stop,18.0449971,53.0944214
Glinki / Polon,bus_stop,18.0444162,53.0951684
Glinki BFM,bus_stop,18.0440715,53.0893891
Garbary,bus_stop,17.9906439,53.1259561
Focha / Opera,bus_stop,17.9966748,53.1254179
Plac Teatralny,bus_stop,18.0010413,53.1242443
Rondo Jagiellonów,bus_stop,18.0066593,53.1237555
Rondo Jagiellonów,bus_stop,18.0102411,53.1231011
Żeglarska / Ludwikowo,bus_stop,17.9777519,53.1377682
Dworzec Główny,bus_stop,17.9925751,53.1347577
Warszawska / Fredry,bus_stop,17.9958502,53.1331102
Garbary,bus_stop,17.9912306,53.1267572
Saperów / Zakątek,bus_stop,17.9782568,53.1432408
Saperów / Zakątek,bus_stop,17.9791941,53.14276
Saperów / Ludwikowo,bus_stop,17.983781,53.1395768
Saperów / Ludwikowo,bus_stop,17.9832432,53.1397858
Żeglarska / Ludwikowo,bus_stop,17.977529,53.138167
Saperów / Kąpielisko,bus_stop,17.9688279,53.1546781
Saperów / Komandosów,bus_stop,17.9729755,53.1476027
Saperów / Komandosów,bus_stop,17.972705,53.1476027
Saperów / Czołgistów,bus_stop,17.9767893,53.1445051
Saperów / Czołgistów,bus_stop,17.9756363,53.1452554
Piaski,bus_stop,17.9695099,53.1711316
Smukalska / Błądzimska,bus_stop,17.9718339,53.1672766
Saperów / Kąpielisko,bus_stop,17.9700066,53.1535112
Dworzec Autobusowy,bus_stop,18.0181729,53.1233062
Solskiego / Kossaka,bus_stop,17.9837916,53.1130178
Piękna / Szubińska,bus_stop,17.9791869,53.1186452
Rondo Ossolińskich,bus_stop,18.0176932,53.1261134
Skorupki,bus_stop,17.9766896,53.1082618
Skorupki,bus_stop,17.9775067,53.1083228
Skorupki / Czackiego,bus_stop,17.9805852,53.1100785
Skorupki / Czackiego,bus_stop,17.9817325,53.1109087
Solskiego / Kossaka,bus_stop,17.9841629,53.1131296
Głowackiego / Bałtycka,bus_stop,18.0470975,53.13125
Głowackiego / Bałtycka,bus_stop,18.0471252,53.1310687
Morska [końcowy],bus_stop,18.0531815,53.1297518
Morska,bus_stop,18.05544,53.1295941
Morska,bus_stop,18.055279,53.12971
Powstańców Wielkopolskich / Lelewela,bus_stop,18.0279559,53.1293982
Powstańców Wielkopolskich / Wyszyńskiego,bus_stop,18.0387101,53.1302439
Powstańców Wielkopolskich / Wyszyńskiego,bus_stop,18.0400613,53.1301083
Głowackiego / Gajowa,bus_stop,18.0437568,53.13176
Głowackiego / Gajowa,bus_stop,18.0439762,53.1315671
Ogińskiego / Moniuszki,bus_stop,18.0208385,53.1265186
Rondo Wielkopolskie,bus_stop,18.023055,53.1291005
Jagiellońska / Piotrowskiego,bus_stop,18.0145912,53.1235283
Rondo Wielkopolskie,bus_stop,18.0212752,53.12841
Powstańców Wielkopolskich / Lelewela,bus_stop,18.0297546,53.1293315
Rondo Ossolińskich,bus_stop,18.0178059,53.1257856
Podkowa,bus_stop,18.0140917,53.1761803
Nakielska / Lisia,bus_stop,17.9076713,53.1345763
Nakielska / Lisia,bus_stop,17.9051573,53.1337438
Łochowska,bus_stop,17.8990703,53.1305591
Łochowska,bus_stop,17.899096,53.1302763
Belma,bus_stop,17.8987373,53.1251252
Nakielska / Iglasta,bus_stop,17.9207063,53.1332758
Nakielska / Tarnowska,bus_stop,17.9172929,53.1338561
Nakielska / Tarnowska,bus_stop,17.9158454,53.1338904
Nakielska / Notecka,bus_stop,17.9110408,53.1346341
Nakielska / Notecka,bus_stop,17.9111462,53.1345634
Nakielska / Pijarów,bus_stop,17.9407039,53.1320779
Nakielska / Wiśniowa,bus_stop,17.9352118,53.1321703
Nakielska / Wiśniowa,bus_stop,17.9343781,53.1323361
Nakielska / Żywiecka,bus_stop,17.9246094,53.13299
Nakielska / Żywiecka,bus_stop,17.9264431,53.1326981
Nakielska / Wrzesińska,bus_stop,17.9706327,53.1270052
Nakielska / Wrzesińska,bus_stop,17.9694966,53.1272259
Nakielska / Widok,bus_stop,17.9485716,53.1308241
Nakielska / Widok,bus_stop,17.9473713,53.1312093
Nakielska / Pijarów,bus_stop,17.9413018,53.1319456
Rondo Grunwaldzkie,bus_stop,17.9844448,53.1258763
Rondo Jagiellonów,bus_stop,18.0088363,53.124378
Skłodowskiej-Curie / Jurasza,bus_stop,18.0305538,53.1263015
Skłodowskiej-Curie / Jurasza,bus_stop,18.0306236,53.1261442
Skłodowskiej-Curie / Gajowa,bus_stop,18.0422291,53.1266681
Skłodowskiej-Curie / Gajowa,bus_stop,18.042403,53.1264809
Tor Regatowy,bus_stop,18.1282494,53.1280701
Tor Regatowy,bus_stop,18.1292535,53.1279664
Witebska / Wschodnia,bus_stop,18.1322656,53.1293367
Witebska / Wschodnia,bus_stop,18.1329801,53.1297626
Fordońska / Wiślana,bus_stop,18.1118454,53.1325015
Łowicka / Szkoła,bus_stop,18.1250145,53.1310674
Łowicka / Szkoła,bus_stop,18.1252373,53.1306508
Fordońska / Kapliczna,bus_stop,18.0966245,53.1291527
Fordońska / Sochaczewska,bus_stop,18.1017147,53.1303095
Fordońska / Sochaczewska,bus_stop,18.1034395,53.1303777
Fordońska / Wiślana,bus_stop,18.1123919,53.1322959
Fordońska / Fabryczna,bus_stop,18.0673587,53.1226686
Fordońska / Wyścigowa,bus_stop,18.0779668,53.1250225
Fordońska / Wyścigowa,bus_stop,18.0757307,53.1246879
Dworzec Wschód,bus_stop,18.0854251,53.1266478
Skłodowskiej-Curie / Łęczycka,bus_stop,18.0527836,53.1256396
Fordońska / Szajnochy,bus_stop,18.0603775,53.1212194
Fordońska / Fabryczna,bus_stop,18.0662741,53.1220899
Skłodowskiej-Curie / Bałtycka,bus_stop,18.0470044,53.1263808
Skłodowskiej-Curie / Bałtycka,bus_stop,18.0489765,53.1259492
Skłodowskiej-Curie / Łęczycka,bus_stop,18.0544151,53.1252571
Opławiec / Elektrownia,bus_stop,17.9641363,53.191025
Opławiec / Internat,bus_stop,17.9667204,53.1948527
Opławiec / Biwakowa,bus_stop,17.9690362,53.1956875
Opławiec / Biwakowa,bus_stop,17.9692204,53.1954135
Smukała,bus_stop,17.9705939,53.1919328
Meysnera / Opławiec,bus_stop,17.9580516,53.1855943
Sanatorium,bus_stop,17.9461937,53.1864783
Opławiec / Przedszkole,bus_stop,17.9605289,53.186919
Opławiec / Przedszkole,bus_stop,17.9598273,53.1864654
Opławiec / Elektrownia,bus_stop,17.9642161,53.1907662
Opławiec / Kolonijna,bus_stop,17.9558143,53.1735283
Opławiec / Wypoczynkowa,bus_stop,17.957315,53.1776109
Opławiec / Wypoczynkowa,bus_stop,17.9574632,53.1779909
Opławiec / Meysnera (NŻ),bus_stop,17.9585154,53.1850957
Opławiec / Meysnera,bus_stop,17.9589974,53.1854542
Koronowska / Wodociągi,bus_stop,17.9546182,53.1569681
Koronowska / Wodociągi,bus_stop,17.9538131,53.159608
Opławiec / Koronowska,bus_stop,17.9516658,53.1675639
Opławiec / Koronowska,bus_stop,17.9526403,53.1684074
Opławiec / Kolonijna,bus_stop,17.9554871,53.1731888
Nad Torem / Orlicza,bus_stop,17.9630658,53.1420626
Nad Torem / Karolewska,bus_stop,17.9622944,53.1458719
Nad Torem / Karolewska,bus_stop,17.9625279,53.1470469
Nad Torem / Chmurna,bus_stop,17.958975,53.1511014
Przemysłowa / Osiedle Rzemieślnicze,bus_stop,18.1006286,53.1256937
Przemysłowa / Osiedle Rzemieślnicze,bus_stop,18.1022536,53.1253196
Przemysłowa / Portowa,bus_stop,18.0964323,53.1261787
Przemysłowa / Portowa,bus_stop,18.0949637,53.1264938
Przemysłowa / Tartak,bus_stop,18.1090204,53.1239913
Przemysłowa / Tartak,bus_stop,18.1104167,53.1233384
Przemysłowa,bus_stop,18.1141154,53.1199221
Solskiego / Ugory,bus_stop,18.000462,53.114005
Solskiego / Bielicka,bus_stop,17.9924184,53.112088
Solskiego / Ugory,bus_stop,17.9976932,53.1134978
Rondo Grunwaldzkie,bus_stop,17.9880838,53.1255966
Rondo Jagiellonów,bus_stop,18.0073172,53.1226534
Pileckiego / Rynkowska,bus_stop,17.9920277,53.1389101
Pileckiego / Kmicica,bus_stop,17.9881299,53.1389025
Pileckiego / Kmicica,bus_stop,17.9859212,53.1391567
Pileckiego / Żeglarska,bus_stop,17.9783907,53.1387639
Zaświat / Artyleryjska,bus_stop,18.0015447,53.1396168
Zaświat / Artyleryjska,bus_stop,18.0011375,53.1396844
Pileckiego / Cmentarz,bus_stop,17.9982076,53.1391052
Pileckiego / Rynkowska,bus_stop,17.993253,53.1386473
Błonie,bus_stop,17.9610714,53.1149128
Błonie,bus_stop,17.9606714,53.11481
Błonie,bus_stop,17.9610854,53.1146938
Plac Kościeleckich,bus_stop,18.0047962,53.1208061
Kapuściska,bus_stop,18.0590381,53.1027252
Eurogaz,bus_stop,18.0770514,53.1046378
Chemiczna / Ogrodnictwo (NŻ),bus_stop,18.0731607,53.1101326
Chemiczna / Ogrodnictwo (NŻ),bus_stop,18.0737657,53.1098532
Mokra,bus_stop,18.0710591,53.1103717
Wojska Polskiego / Prezydenta Lecha Kaczyńskiego,bus_stop,18.0505403,53.1057302
Wojska Polskiego / Baczyńskiego,bus_stop,18.0558934,53.103973
Wojska Polskiego / Baczyńskiego,bus_stop,18.0572839,53.1030268
Kapuściska,bus_stop,18.0598638,53.1023168
Wyżyny,bus_stop,18.0384216,53.107855
Wyżyny,bus_stop,18.0372977,53.1081741
Szarych Szeregów,bus_stop,18.0473089,53.1070107
Szubińska / Żwirki i Wigury,bus_stop,17.9663748,53.1161918
Władysława IV / Stawowa,bus_stop,17.9634709,53.1204858
Barwna [końcowy],bus_stop,17.9629611,53.1246996
Barwna,bus_stop,17.9637109,53.124744
Inowrocławska / Zajezdnia,bus_stop,17.9844727,53.107509
Inowrocławska / Skorupki,bus_stop,17.9777577,53.1078615
Inowrocławska / Skorupki,bus_stop,17.9792313,53.10771
Żwirki i Wigury / Jaskółcza,bus_stop,17.970625,53.1117806
Żwirki i Wigury / Jaskółcza,bus_stop,17.9708652,53.1112661
Brzozowa / Jesionowa,bus_stop,18.004879,53.1089968
Brzozowa / Bielicka,bus_stop,17.9921853,53.1093638
Brzozowa / Bielicka,bus_stop,17.9914126,53.1087659
Inowrocławska / Zajezdnia,bus_stop,17.9831033,53.1076404
Bałtycka / Głowackiego,bus_stop,18.0492287,53.1299705
Bałtycka / Skłodowskiej-Curie,bus_stop,18.0485009,53.1272677
Rondo Inowrocławskie,bus_stop,18.0087908,53.1090107
Bałtycka / Głowackiego,bus_stop,18.0494674,53.1300985
Wyzwolenia / Komisariat,bus_stop,18.1638445,53.1717057
Wyzwolenia / Derdowskiego,bus_stop,18.1639927,53.1665931
Wyzwolenia / Derdowskiego,bus_stop,18.1644755,53.1660078
Wyzwolenia / Komisariat,bus_stop,18.1639895,53.1717314
Rondo Fordońskie,bus_stop,18.0356339,53.1217263
Rondo Skrzetuskie,bus_stop,18.0366404,53.1262983
Rondo Skrzetuskie,bus_stop,18.0382091,53.1277553
Powstańców Wielkopolskich / Wyszyńskiego,bus_stop,18.0365109,53.1301008
Leśne,bus_stop,18.0306144,53.1420808
Fordońska / Traktorzystów,bus_stop,18.127162,53.1365942
Fordońska / Łowicka,bus_stop,18.1220026,53.1348862
Fordońska / Bałtycka,bus_stop,18.0472569,53.1206167
Rondo Fordońskie,bus_stop,18.0371811,53.1207966
Fordońska / Wyszogrodzka,bus_stop,18.1483634,53.1420467
Fordońska / Wyszogrodzka,bus_stop,18.147894,53.1422003
Dworzec Politechnika,bus_stop,18.1380895,53.1392778
Fordońska / Traktorzystów,bus_stop,18.1272858,53.1362749
Fordon Rynek,bus_stop,18.1733107,53.1493845
Fordońska / Wiadukt,bus_stop,18.1660095,53.1469301
Fordońska / Wiadukt,bus_stop,18.1648345,53.1468701
Dworzec Fordon,bus_stop,18.1575212,53.1448366
Dworzec Fordon,bus_stop,18.1553077,53.1439262
Wyzwolenia / Swobodna,bus_stop,18.1677532,53.1562076
Wyzwolenia / Styki,bus_stop,18.1709755,53.152586
Wyzwolenia / Styki,bus_stop,18.1713259,53.1527141
Fordon Rynek,bus_stop,18.1732303,53.149748
Wyzwolenia / Swobodna,bus_stop,18.167426,53.1572916
Glinki / Zelwerowicza,bus_stop,18.0231133,53.1073254
Glinki / Zelwerowicza,bus_stop,18.023589,53.1063977
Magnuszewska,bus_stop,18.0275016,53.1047295
Magnuszewska,bus_stop,18.026155,53.1048249
Plac Kościeleckich,bus_stop,18.0052422,53.1207931
Glinki / Cmentarna,bus_stop,18.0186365,53.1092166
Glinki / Cmentarna,bus_stop,18.0192632,53.109161
Plac Piastowski,bus_stop,17.99683,53.1319817
Śniadeckich / Gdańska,bus_stop,18.0057194,53.1284417
Mickiewicza / Teatr Polski,bus_stop,18.0130425,53.1310704
Hetmańska / Kaszubska,bus_stop,18.004008,53.1334336
Rondo Fordońskie,bus_stop,18.0350174,53.1221335
Rondo Toruńskie,bus_stop,18.0333692,53.1159261
Rondo Toruńskie,bus_stop,18.0331169,53.1163666
Pelplińska / Jarużyńska,bus_stop,18.1614606,53.166201
Tatrzańskie,bus_stop,18.1629252,53.1697703
Tatrzańskie,bus_stop,18.163231,53.1695098
Tatrzańskie,bus_stop,18.1634402,53.1695034
Tatrzańskie,bus_stop,18.1636065,53.1694969
Twardzickiego / Przybory,bus_stop,18.1509865,53.1575034
Twardzickiego / Przybory,bus_stop,18.1507592,53.1576671
Pelplińska / Taterników,bus_stop,18.1598218,53.1602474
Pelplińska / Taterników,bus_stop,18.161072,53.1609738
Pelplińska / Jarużyńska,bus_stop,18.1622022,53.1650308
Twardzickiego / Kleina,bus_stop,18.1306381,53.1524399
Twardzickiego / Thomée,bus_stop,18.1408808,53.1529487
Twardzickiego / Thomée,bus_stop,18.1409073,53.1531535
Twardzickiego / Witosa,bus_stop,18.1477759,53.1544809
Twardzickiego / Witosa,bus_stop,18.1475238,53.1545465
Korfantego / Prejsa,bus_stop,18.1222248,53.148474
Korfantego / Prejsa,bus_stop,18.1221743,53.1492689
Twardzickiego / Łochowskiego,bus_stop,18.1232487,53.1521347
Twardzickiego / Łochowskiego,bus_stop,18.1247535,53.1526576
Twardzickiego / Kleina,bus_stop,18.1287343,53.1527428
Akademicka / Rejewskiego,bus_stop,18.1110072,53.1426002
Centrum Onkologii,bus_stop,18.1131653,53.1475783
Centrum Onkologii,bus_stop,18.1123768,53.1475493
Błonie,bus_stop,17.9604116,53.1148902
Rejewskiego / Auchan,bus_stop,18.1152871,53.1385027
Rejewskiego / Auchan,bus_stop,18.1148352,53.1391884
Rejewskiego / Akademicka,bus_stop,18.1103244,53.1416715
Błonie [końcowy],bus_stop,17.9608953,53.1150399
Bora-Komorowskiego / Kiedrowskiego,bus_stop,18.1750097,53.1636793
Bora-Komorowskiego / Gieryna,bus_stop,18.174881,53.1666541
Bora-Komorowskiego / Gieryna,bus_stop,18.1750902,53.1666348
Bora-Komorowskiego / Braci Bażańskich,bus_stop,18.1749403,53.1692083
Bora-Komorowskiego / Braci Bażańskich,bus_stop,18.1750561,53.1700965
Nad Wisłą [końcowy],bus_stop,18.1780886,53.1578289
Piłsudskiego / Swobodna,bus_stop,18.1725152,53.1587423
Piłsudskiego / Swobodna,bus_stop,18.17261,53.1589217
Nad Wisłą,bus_stop,18.1788853,53.1578503
Bora-Komorowskiego / Kiedrowskiego,bus_stop,18.1747522,53.1628045
Bajka,bus_stop,18.1536399,53.1516825
Andersa / Kasztelańska,bus_stop,18.160366,53.1536334
Andersa / Kasztelańska,bus_stop,18.1614516,53.1545493
Niepodległości,bus_stop,18.1650878,53.1594092
Niepodległości,bus_stop,18.1662868,53.1602034
Akademicka / Igrzyskowa,bus_stop,18.1364013,53.14896
Akademicka / Igrzyskowa,bus_stop,18.1380011,53.1488038
Andersa / Kleeberga,bus_stop,18.1460744,53.1509294
Bajka,bus_stop,18.1527368,53.1516572
Kaliskiego / Politechnika,bus_stop,18.1318404,53.1444483
Kaliskiego / Politechnika,bus_stop,18.1338449,53.1426076
Akademicka / Kaliskiego,bus_stop,18.1304328,53.1478833
Akademicka / Kaliskiego,bus_stop,18.1284364,53.1475895
Wyścigowa,bus_stop,18.0769689,53.1252854
Wyścigowa [końcowy],bus_stop,18.0769556,53.1254164
Srebrna / Stalowa,bus_stop,17.9067095,53.1425473
Srebrna / Spiżowa,bus_stop,17.9031276,53.143609
Srebrna / Spiżowa,bus_stop,17.9006152,53.1436986
Spiżowa / Ołowiana,bus_stop,17.9053179,53.1472783
Niklowa,bus_stop,17.8998586,53.1470178
Kolbego / Kogucia,bus_stop,17.9166426,53.1551956
Kolbego / Kogucia,bus_stop,17.9167453,53.1552237
Podmiejska / Kruszyńska,bus_stop,17.9145318,53.1442196
Podmiejska / Kruszyńska,bus_stop,17.9142516,53.1440291
Srebrna / Stalowa,bus_stop,17.9074351,53.1423064
Grunwaldzka / Kolbego,bus_stop,17.9187793,53.1481043
Kolbego / Grunwaldzka,bus_stop,17.9198851,53.1482776
Rekinowa,bus_stop,17.908842,53.1599444
Kolbego / Wielorybia,bus_stop,17.9123275,53.1585475
Kolbego / Wielorybia,bus_stop,17.9133269,53.1578055
Grunwaldzka / Przejście,bus_stop,17.9281575,53.1454407
Grunwaldzka / Przejście,bus_stop,17.9292765,53.1448009
Grunwaldzka / Kolbego,bus_stop,17.9198703,53.147461
Rondo Maczka P+R,bus_stop,17.9622632,53.1367968
Grunwaldzka / Flisacka,bus_stop,17.9576834,53.1372927
Grunwaldzka / Flisacka,bus_stop,17.9586725,53.1367554
Grunwaldzka / Filtrowa,bus_stop,17.9480146,53.1399157
Grunwaldzka / Filtrowa,bus_stop,17.949524,53.1392275
Mickiewicza / Teatr Polski,bus_stop,18.0126502,53.1309807
Dworzec Główny,bus_stop,17.9927402,53.1347048
Rondo Wielkopolskie,bus_stop,18.0209813,53.1294697
Toruńska / Wypaleniska (NŻ),bus_stop,18.1221155,53.1046394
Toruńska / Wypaleniska (NŻ),bus_stop,18.1218955,53.1047232
Dworzec Łęgnowo,bus_stop,18.11416,53.1117337
Dworzec Łęgnowo,bus_stop,18.1141332,53.1116371
Stomil,bus_stop,18.1061997,53.1150041
Plątnowska / Kościół,bus_stop,18.132442,53.0913719
Toruńska / Wieża Ciśnień (NŻ),bus_stop,18.125479,53.0953664
Toruńska / Wieża Ciśnień (NŻ),bus_stop,18.1256935,53.0953858
Toruńska / Przyłubska (NŻ),bus_stop,18.1247333,53.1003784
Toruńska / Przyłubska (NŻ),bus_stop,18.1246904,53.1006844
Nowotoruńska / Przepompownia (NŻ),bus_stop,18.1161577,53.0875733
Nowotoruńska / Przepompownia (NŻ),bus_stop,18.1160069,53.0882131
Plątnowska / Przejazd (NŻ),bus_stop,18.1244651,53.0838199
Plątnowska / Przejazd (NŻ),bus_stop,18.1248889,53.0845803
Plątnowska / Kościół,bus_stop,18.132156,53.091234
Łęgnowo,bus_stop,18.104653,53.0998939
Spółdzielcza,bus_stop,18.107488,53.0950379
Świetlicowa,bus_stop,18.1086186,53.0958883
Nowotoruńska / Żółwińska (NŻ),bus_stop,18.1130515,53.0928611
Chemiczna / Eurogaz (NŻ),bus_stop,18.0755375,53.1059089
Chemiczna / Eurogaz (NŻ),bus_stop,18.0737455,53.1058505
Chemiczna / Energetyczna (NŻ),bus_stop,18.0898431,53.1067424
Chemiczna / Energetyczna (NŻ),bus_stop,18.0894944,53.1068873
Brzechwy / Szafirowa,bus_stop,18.1545835,53.1505121
Skarżyńskiego / Kwiatkowskiego,bus_stop,18.156034,53.1547375
Skarżyńskiego / Twardzickiego,bus_stop,18.1549603,53.1567248
Skarżyńskiego / Twardzickiego,bus_stop,18.1548228,53.1565175
Dworzec Fordon,bus_stop,18.1567087,53.145366
Brzechwy / Szelburg-Zarembiny,bus_stop,18.1558913,53.148266
Brzechwy / Szelburg-Zarembiny,bus_stop,18.1562034,53.1483277
Dworzec Fordon,bus_stop,18.1598562,53.1454584
Objazdowa / Nowotoruńska,bus_stop,18.0907734,53.1098378
Nowotoruńska / Objazdowa,bus_stop,18.0989313,53.1076517
Nowotoruńska / Objazdowa,bus_stop,18.0979054,53.108002
Nowotoruńska / Hutnicza,bus_stop,18.1068366,53.1039763
Nowotoruńska / Hutnicza,bus_stop,18.106249,53.1048895
Smoleńska / Kielecka,bus_stop,18.0832574,53.113098
Smoleńska / Budowlana,bus_stop,18.088827,53.1125647
Smoleńska / Pińczowska,bus_stop,18.0915839,53.1119623
Smoleńska / Pińczowska,bus_stop,18.0921113,53.111888
Objazdowa / Nowotoruńska,bus_stop,18.0910849,53.1098251
Toruńska / Łuczniczki,bus_stop,18.0479633,53.1149069
Toruńska / Łuczniczki,bus_stop,18.0487597,53.1151648
Nowotoruńska / Prezydenta Lecha Kaczyńskiego,bus_stop,18.0608135,53.1134909
Nowotoruńska / Prezydenta Lecha Kaczyńskiego,bus_stop,18.0572502,53.1138721
Smoleńska / Kielecka,bus_stop,18.0831854,53.1132051
Rondo Toruńskie,bus_stop,18.0354441,53.1168617
Mińska / Plonowa,bus_stop,17.9336832,53.1371758
Kruszyńska / Krańcowa,bus_stop,17.9248344,53.1417141
Kruszyńska / Krańcowa,bus_stop,17.9253998,53.1415631
Kruszyńska / Sowia,bus_stop,17.9194049,53.1429242
Kruszyńska / Sowia,bus_stop,17.9197128,53.1426776
Dworzec Zachód,bus_stop,17.9465226,53.1360787
Dworzec Zachód,bus_stop,17.9464474,53.1360121
Mińska / Studzienna,bus_stop,17.9395148,53.1363633
Mińska / Studzienna,bus_stop,17.9402215,53.1362845
Mińska / Plonowa,bus_stop,17.9328962,53.1373596
Flisacka / Grunwaldzka,bus_stop,17.9567065,53.1366266
Dworzec Główny,bus_stop,17.9932822,53.1348933
Solskiego / Bielicka,bus_stop,17.9902753,53.1122295
Jana Pawła II / Ziemska,bus_stop,18.008365,53.1042136
Jana Pawła II / Ziemska,bus_stop,18.0079721,53.1036115
Jana Pawła II / Wąbrzeska,bus_stop,18.0085871,53.0972522
Jana Pawła II / Wąbrzeska,bus_stop,18.0088091,53.0949701
Port Lotniczy (Airport),bus_stop,17.998143,53.0939255
Czerkaska / Gdańska,bus_stop,18.0210507,53.1421841
Czerkaska / Sułkowskiego,bus_stop,18.0265522,53.1401498
Czerkaska / Sułkowskiego,bus_stop,18.0262182,53.1401457
Dworzec Autobusowy,bus_stop,18.019655,53.1236726
Rondo Inowrocławskie,bus_stop,18.0078635,53.1072248
Powstańców Warszawy / Skromna,bus_stop,18.0084255,53.1436925
Powstańców Warszawy / Skromna,bus_stop,18.0090638,53.143789
Powstańców Warszawy / Szpital Wojskowy,bus_stop,18.0152413,53.1430168
Powstańców Warszawy / Szpital Wojskowy,bus_stop,18.0137265,53.1433247
Powstańców Warszawy / Gdańska,bus_stop,18.0191786,53.1426874
Zaświat / Cmentarz,bus_stop,18.0039408,53.1421898
Zaświat / Cmentarz,bus_stop,18.0045094,53.1426242
Wyszyńskiego / Kamienna,bus_stop,18.0358816,53.1337756
Wyszyńskiego / Głowackiego,bus_stop,18.037317,53.1313711
Strzyżawa,bus_stop,18.1859705,53.1364818
Ostromecko Wybudowanie,bus_stop,18.2043773,53.1397747
Ostromecko Wybudowanie,bus_stop,18.2013005,53.1394176
Ostromecko,bus_stop,18.2102591,53.1466638
Ostromecko,bus_stop,18.211686,53.147111
Strzyżawa,bus_stop,18.1856646,53.1359147
Lipniki / STW,bus_stop,17.8626067,53.0851667
Lipniki / STW,bus_stop,17.8617008,53.0853231
Murowaniec / Strusia,bus_stop,17.8534718,53.088268
Murowaniec / Strusia,bus_stop,17.8537146,53.088905
Murowaniec,bus_stop,17.8540617,53.0938245
Lipniki / Wierzbowa,bus_stop,17.8801906,53.087232
Lipniki / Wiadukt,bus_stop,17.8722795,53.0849558
Lipniki / Wiadukt,bus_stop,17.8693437,53.0845578
Białe Błota / Kapliczna,bus_stop,17.9029308,53.0967643
Białe Błota / Kapliczna,bus_stop,17.9052454,53.0968229
Białe Błota / Sosnowa,bus_stop,17.8938836,53.0951747
Lipniki / Akacjowa,bus_stop,17.8847418,53.0884979
Błonie,bus_stop,17.9608531,53.1146352
Białe Błota / Urząd Gminy,bus_stop,17.9189091,53.0995461
Białe Błota / Urząd Gminy,bus_stop,17.9207141,53.0997439
Kamienna / Sułkowskiego,bus_stop,18.0249822,53.135738
Kamienna / Wyszyńskiego,bus_stop,18.0350883,53.1345696
Kamienna / Gajowa,bus_stop,18.0440243,53.1330172
Kamienna / Gajowa,bus_stop,18.0423936,53.133455
Kamienna / Wyszyńskiego,bus_stop,18.037823,53.1338474
Toruńska / Równa,bus_stop,18.0746877,53.1177854
Toruńska / Kielecka,bus_stop,18.084731,53.1181634
Toruńska / Kielecka,bus_stop,18.0823727,53.1180767
Szpitalna / Łomżyńska,bus_stop,18.0448544,53.1022837
Toruńska / Kazimierza Wlk.,bus_stop,18.0592554,53.1154516
Toruńska / Zajezdnia Tramwajowa,bus_stop,18.0637296,53.1159608
Toruńska / Równa,bus_stop,18.0768148,53.1178627
Gdańska / Artyleryjska,bus_stop,18.0164941,53.1385599
Gdańska / Chodkiewicza,bus_stop,18.0119908,53.1341385
Gdańska / Chodkiewicza,bus_stop,18.0119089,53.1340581
Plac Kościeleckich,bus_stop,18.0046926,53.1205656
Szpitalna / Łomżyńska,bus_stop,18.0449627,53.102581
Gdańska / Artyleryjska,bus_stop,18.0164239,53.1384931
Rondo Fordońskie,bus_stop,18.0331587,53.1210055
Brdyujście,bus_stop,18.1373653,53.1324048
Lisi Ogon / Bydgoska 10-12,bus_stop,17.8840608,53.127127
Kruszyn Krajeński / Łąkowa,bus_stop,17.874758,53.0850989
Kruszyn Krajeński / Słoneczna,bus_stop,17.8795563,53.0864364
Kruszyn Kraj. / Jasiniecka,bus_stop,17.8915631,53.0901509
Cmentarna / Dobrzyńska (NŻ),bus_stop,18.0171669,53.09998
Cmentarna / Gniewkowska (NŻ),bus_stop,18.0170247,53.1043874
Cmentarna / Gniewkowska (NŻ),bus_stop,18.0172039,53.1047914
Cmentarna / Glinki (NŻ),bus_stop,18.0174103,53.1091195
Cmentarna / Glinki (NŻ),bus_stop,18.017438,53.1089863
Wąbrzeska (NŻ),bus_stop,18.0181338,53.0951026
Cmentarna / Dobrzyńska (NŻ),bus_stop,18.017283,53.100531
Władysława IV / Czerwonego Krzyża,bus_stop,17.9608609,53.1236266
Władysława IV / Czerwonego Krzyża,bus_stop,17.9607984,53.1235089
Łoskoń,bus_stop,18.1746502,53.1728458
Nowotoruńska / Plątnowska (NŻ),bus_stop,18.1187144,53.084532
Nowotoruńska / Plątnowska (NŻ),bus_stop,18.1190784,53.0838372
Chemiczna / Szczerby (NŻ),bus_stop,18.0950091,53.1058664
Chemiczna / Szczerby (NŻ),bus_stop,18.0953524,53.1055541
Łoskoń,bus_stop,18.174615,53.1731352
Niklowa [końcowy],bus_stop,17.8999987,53.1471999
Wyszogrodzka / Opalowa,bus_stop,18.1416056,53.1353662
Wyszogrodzka / Opalowa,bus_stop,18.1412227,53.1351085
Grunwaldzka / Czarna droga,bus_stop,17.9747699,53.131083
Szczutki,bus_stop,17.936225,53.1837412
Szczutki,bus_stop,17.936696,53.1826886
Grunwaldzka / Czarna droga,bus_stop,17.9734334,53.1318671
Bydgoszcz R. Grunwaldzkie (Graniczna),bus_stop,17.9854213,53.1272073
Chodkiewicza / Paderewskiego,bus_stop,18.0171131,53.1328303
Jasiniecka / Pod Skarpą,bus_stop,18.0983921,53.1573983
Ugory / Solskiego,bus_stop,17.9987164,53.1146124
Ugory / Nowodworska,bus_stop,17.994672,53.1172165
Ugory / Nowodworska,bus_stop,17.9942439,53.1173423
Skorupki / Jordanowska,bus_stop,17.9890596,53.1156011
Skorupki / Jordanowska,bus_stop,17.9892312,53.1159392
Stroma / Orla,bus_stop,17.985224,53.1175233
Stroma / Orla,bus_stop,17.9857175,53.1166346
Baczyńskiego / Woj.Polskiego,bus_stop,18.0576402,53.1042955
Baczyńskiego / Sandomierska,bus_stop,18.0593645,53.1065469
Wojska Polskiego / Prezydenta Lecha Kaczyńskiego,bus_stop,18.0515203,53.1056771
Auchan,bus_stop,18.1132822,53.1378446
Rondo Maczka P+R,bus_stop,17.9645606,53.137701
,bus_stop,18.23267,53.1551124
,bus_stop,18.2315703,53.1549193
Brzozowa / Jesionowa,bus_stop,18.002373,53.109069
Niwy,bus_stop,18.0985012,53.1919146
Plac Poznański,bus_stop,17.9856405,53.121482
Park Przemysłowy / Petersona,bus_stop,18.0729206,53.0840041
Glinki / Eltra,bus_stop,18.0444727,53.0916226
Lisi Ogon / Bydgoska / Spokojna 1,bus_stop,17.8839868,53.1272358
Drzewce,bus_stop,17.8554851,53.1066697
Nakielska / Stawowa,bus_stop,17.9758311,53.1263703
Schulza / Stawowa,bus_stop,17.956465,53.1169965
Schulza / Stawowa,bus_stop,17.9564733,53.1168758
Stawowa / Władysława IV,bus_stop,17.9656955,53.1204399
Stawowa / Władysława IV,bus_stop,17.9646205,53.1202687
Stawowa / 16 Pułku Ułanów Wielkopolskich,bus_stop,17.9705289,53.1219681
Wysoka / Koszarowa,bus_stop,17.975102,53.122307
Połtyna / Szubińska,bus_stop,17.976528,53.121608
Wzgórze Wolności,bus_stop,18.0169634,53.1153338
Dworzec Autobusowy,bus_stop,18.0194331,53.1244384
Most Kazimierza Wielkiego,bus_stop,18.0568248,53.1200291
(Nieczynny) Kazimierza Wielkiego / Toruńska,bus_stop,18.0578833,53.116251
(Nieczynny) Kazimierza Wielkiego / Toruńska,bus_stop,18.0581601,53.1163148
Prezydenta Lecha Kaczyńskiego / Sandomierska,bus_stop,18.0558262,53.1110858
Prezydenta Lecha Kaczyńskiego / Sandomierska,bus_stop,18.0569251,53.1116362
Sułkowskiego / Kamienna,bus_stop,18.0249374,53.1367073
Pod Skarpą / Stamma,bus_stop,18.1028862,53.1574254
Jagiellońska / Piotrowskiego,bus_stop,18.0143198,53.1235038
Fordońska / Gajowa,bus_stop,18.0401881,53.1209404
Garbary,bus_stop,17.9937934,53.1255277
Garbary [końcowy],bus_stop,17.9903154,53.1264628
Stroma / Kossaka,bus_stop,17.9870875,53.1148242
Dworzec Autobusowy,bus_stop,18.0201711,53.1228331
Dworzec Główny,bus_stop,17.9941299,53.134852
Rycerska,bus_stop,17.9996634,53.1374704
Rycerska [końcowy],bus_stop,17.9994213,53.1373182
Rycerska,bus_stop,17.9993625,53.1373669
Rycerska,bus_stop,17.9995048,53.1374846
Rycerska,bus_stop,17.9990295,53.1372476
Rycerska,bus_stop,17.9992047,53.1373867
Rycerska,bus_stop,17.9993509,53.1375086
Zbożowy Rynek,bus_stop,18.0055609,53.1198048
Zbożowy Rynek,bus_stop,18.0029703,53.1197526
Kazimierza Wlk. / Toruńska,bus_stop,18.0581944,53.1150693
Toruńska / Zaj.Tramwajowa,bus_stop,18.0642492,53.1160601
Szubińska / Żwirki i Wigury,bus_stop,17.9667863,53.1163037
Paderewskiego,bus_stop,18.0131172,53.1302102
Paderewskiego,bus_stop,18.0131426,53.1302324
Leśne,bus_stop,18.030972,53.1420863
Podkowa [końcowy],bus_stop,18.0145884,53.176258
Park Przemysłowy / Paciorkiewicza,bus_stop,18.0547058,53.0907035
Park Przemysłowy / Paciorkiewicza,bus_stop,18.0558344,53.0916022
Park Przemysłowy / Paciorkiewicza,bus_stop,18.0560141,53.090025
Park Przemysłowy / Raczkowskiego,bus_stop,18.0571831,53.0953925
Park Przemysłowy / Raczkowskiego,bus_stop,18.0577498,53.0952658
Park Przemysłowy / Biurowiec,bus_stop,18.0656319,53.0945155
Smukalska / Błądzimska,bus_stop,17.9714412,53.1678375
Piaski,bus_stop,17.9699139,53.1707895
Piaski,bus_stop,17.9701996,53.1717574
Smukalska / Sanktuarium (NŻ),bus_stop,17.9681211,53.1783207
Smukalska / Sanktuarium (NŻ),bus_stop,17.9683195,53.1777414
Smukalska / Agrestowa,bus_stop,17.9673557,53.1835461
Smukalska / Agrestowa,bus_stop,17.9672955,53.1840226
Smukalska / Baranowskiego (NŻ),bus_stop,17.9686275,53.187671
Smukalska / Baranowskiego (NŻ),bus_stop,17.9687317,53.1874505
Smukała,bus_stop,17.9705887,53.1920914
Smukała,bus_stop,17.970606,53.1917763
Wyszyńskiego / Powstańców Wielkopolskich,bus_stop,18.0373028,53.1292837
Belma [końcowy],bus_stop,17.8985478,53.124655
Opławiec / Soboczyńskiego,bus_stop,17.9574651,53.1823201
Opławiec / Soboczyńskiego,bus_stop,17.9572956,53.1818646
Skorupki / Orla,bus_stop,17.9907869,53.117343
Skorupki / Orla,bus_stop,17.9910551,53.1173558
Łukasiewicza,bus_stop,18.0553948,53.1063053
Wyzwolenia / Styki,bus_stop,18.1711703,53.1526594
Toruńska / Sporna,bus_stop,18.0876446,53.1181569
Sporna / Toruńska,bus_stop,18.0873817,53.1194095
Fordońska / Kapliczna,bus_stop,18.0979188,53.1291789
Geodetów / Pienińska,bus_stop,18.1694136,53.173716
Przemysłowa [końcowy],bus_stop,18.1140173,53.1204013
Park Przemysłowy / Falkowskiego,bus_stop,18.0617155,53.0872277
Park Przemysłowy / Falkowskiego,bus_stop,18.0626114,53.0864326
Park Przemysłowy / Petersona,bus_stop,18.0716224,53.0843252
Park Przemysłowy / Gamma,bus_stop,18.0752553,53.0789659
Park Przemysłowy / Gamma,bus_stop,18.07573,53.0798956
Park Przemysłowy / Exploseum,bus_stop,18.0819178,53.0729207
Prądocińska,bus_stop,18.1332393,53.0645608
Grunwaldzka / Chojnicka,bus_stop,17.9511696,53.1390771
Kolbego / Dzięciołowa,bus_stop,17.9183492,53.1515149
Kolbego / Dzięciołowa,bus_stop,17.9180883,53.1524359
Nowotoruńska / Żółwińska (NŻ),bus_stop,18.1132749,53.0921966
Plątnowska / Otorowska (NŻ),bus_stop,18.1302113,53.0888921
Plątnowska / Otorowska (NŻ),bus_stop,18.130568,53.0892432
Pod Skarpą / Żemojtela,bus_stop,18.1141874,53.1552983
Pod Skarpą / Żemojtela,bus_stop,18.1143072,53.1551787
Pod Skarpą / Stamma,bus_stop,18.103437,53.1574905
Skandynawska / IKEA,bus_stop,18.1189166,53.1313478
Więcka / Łowicka,bus_stop,18.1233354,53.131714
Brdyujście,bus_stop,18.1372392,53.13243
Smoleńska / Budowlana,bus_stop,18.0885988,53.1122875
Mokra [końcowy],bus_stop,18.0709198,53.1121636
Inwalidów / Harcerska,bus_stop,18.0829682,53.1289196
Inwalidów / Harcerska,bus_stop,18.0831184,53.1288552
Inwalidów / R.O.D. Wyczółkowskiego,bus_stop,18.0779364,53.1290709
Inwalidów / R.O.D. Wyczółkowskiego,bus_stop,18.0767133,53.129338
Dworzec Bielawy [końcowy],bus_stop,18.0548211,53.1324472
Dworzec Bielawy,bus_stop,18.0546943,53.1323679
Inwalidów / R.O.D. Makrum,bus_stop,18.0691495,53.1303873
Inwalidów / R.O.D. Makrum,bus_stop,18.0701474,53.1301521
Kamienna / Fabryczna,bus_stop,18.0646902,53.1299275
Kamienna / Fabryczna,bus_stop,18.0666926,53.1294056
Dworzec Wschód,bus_stop,18.0806871,53.1273994
Dworzec Bielawy,bus_stop,18.0529105,53.1316403
Dworzec Bielawy,bus_stop,18.0558894,53.1309843
Białe Błota / Chlebowa,bus_stop,17.9224161,53.0980037
Białe Błota / Chlebowa,bus_stop,17.9216168,53.0976816
Białe Błota / Czekoladowa,bus_stop,17.9175935,53.095285
Białe Błota / Czerska,bus_stop,17.9154444,53.0943398
Białe Błota / Modra,bus_stop,17.9053358,53.0901404
Białe Błota / Modra,bus_stop,17.9062761,53.0901048
Białe Błota / Kruszyńska,bus_stop,17.9032992,53.0874874
Białe Błota / Kruszyńska,bus_stop,17.9035799,53.0869078
Ciele / Pogodna,bus_stop,17.9053868,53.0767362
Ciele / Pogodna,bus_stop,17.9049281,53.0765365
Ciele / Makowa,bus_stop,17.8991596,53.0731573
Ciele / Ogrody,bus_stop,17.8953236,53.0690401
Ciele / Kościelna,bus_stop,17.9186547,53.0732748
Ciele / Kościelna,bus_stop,17.9206989,53.0722406
Ciele / Źródlana,bus_stop,17.9267254,53.0702043
Ciele / Źródlana,bus_stop,17.9281924,53.069622
Zielonka / Bocianowo,bus_stop,17.942562,53.0627618
Zielonka / Orzechowa,bus_stop,17.9614427,53.0585142
Zielonka / Orzechowa,bus_stop,17.9624656,53.0580476
Murowaniec,bus_stop,17.8535981,53.0932618
Drzewce,bus_stop,17.8551277,53.1063737
Osielsko / Myślęcinek,bus_stop,18.0562174,53.1751458
Osielsko / Myślęcinek,bus_stop,18.0549391,53.1746463
Osielsko / Młyn,bus_stop,18.0643678,53.1814611
Osielsko / Młyn,bus_stop,18.0635542,53.1811397
Osielsko / Gmina,bus_stop,18.071166,53.1875029
Osielsko / Centralna,bus_stop,18.0968753,53.1869371
Osielsko / Centralna,bus_stop,18.0968918,53.1877475
Osielsko / Kwiatowa,bus_stop,18.0761217,53.1863928
Osielsko / Kwiatowa,bus_stop,18.0793663,53.1859624
Osielsko / Leśna,bus_stop,18.0865855,53.1857048
Osielsko / Wiązowa,bus_stop,18.0895875,53.1858033
Osielsko / Wiązowa,bus_stop,18.0894788,53.1858593
Niemcz / Kasprowicza,bus_stop,18.0397192,53.1786811
Niemcz / Słowackiego,bus_stop,18.039708,53.177067
Niemcz / Mickiewicza,bus_stop,18.0391067,53.181401
Niemcz / Mickiewicza,bus_stop,18.0389297,53.181073
Niemcz / Urocza,bus_stop,18.0332192,53.1825667
Niemcz / Pod Wierzbami,bus_stop,18.0337022,53.1831089
Niemcz / Malczewskiego,bus_stop,18.0395815,53.1893392
Niemcz / Rutkiewicz,bus_stop,18.0393562,53.1885292
Niemcz / Krzyszkowiaka,bus_stop,18.0402788,53.1942952
Niemcz / Krzyszkowiaka,bus_stop,18.0399655,53.1937213
Skandynawska / IKEA,bus_stop,18.1186805,53.1321842
Stroma / Kossaka,bus_stop,17.9866777,53.1156403
Ostromecko,bus_stop,18.2083488,53.1462743
Ostromecko [końcowy],bus_stop,18.2083697,53.1463954
Las Gdański P+R,bus_stop,18.028553,53.1502553
,bus_stop,18.0192051,53.1427572
Gdańska / Powst. Warszawy,bus_stop,18.0196245,53.1416286
,bus_stop,18.0195367,53.1416603
,bus_stop,18.0163435,53.1385052
Gdańska / Artyleryjska,bus_stop,18.0165685,53.1385456
Garbary,bus_stop,17.9936999,53.1254859
Rondo Jagiellonów,bus_stop,18.0071377,53.1224741
Dworzec autobusowy,bus_stop,18.0201901,53.1227785
Rondo Fordońskie,bus_stop,18.0331664,53.1210846
Rondo Toruńskie,bus_stop,18.0353578,53.1168147
Toruńska / Perłowa,bus_stop,18.0453155,53.1156547
Szarych Szeregów,bus_stop,18.0472207,53.1069541
Jana Pawła II / Wąbrzeska,bus_stop,18.0091272,53.0978885
,bus_stop,18.0210491,53.1429082
Stadion Zawisza,bus_stop,18.024501,53.146453
Stadion Zawisza,bus_stop,18.0231771,53.1451379
Gdańska / Czerkaska,bus_stop,18.0209493,53.142945
Ciele / Ogrody,bus_stop,17.8963128,53.0683856
Plac Teatralny,bus_stop,18.0016355,53.1239672
3 Maja / Markwarta,bus_stop,18.0093822,53.1262188
Chemiczna / Dachtery (NŹ),bus_stop,18.0797701,53.1063653
Chemiczna / Dachtery (NŹ),bus_stop,18.0812251,53.1062925
Nowotoruńska / Kielecka,bus_stop,18.0815825,53.1117611
Nowotoruńska / Kielecka,bus_stop,18.0830411,53.1112202
Fordońska / Łowicka,bus_stop,18.1226642,53.1353482
Więcka / Łowicka,bus_stop,18.1223633,53.1316587
Kaliskiego / Akademicka,bus_stop,18.1298477,53.1471354
Rondo Maczka P+R,bus_stop,17.9646,53.1362676
Wojska Polskiego / Hechlińskiego,bus_stop,18.0642849,53.1010708
Wojska Polskiego / Hechlińskiego,bus_stop,18.0643238,53.1012216
Wojska Polskiego / Dziatkiewicza,bus_stop,18.0689206,53.0991214
Wojska Polskiego / Dziatkiewicza,bus_stop,18.0692425,53.0990699
Wojska Polskiego / Petersona,bus_stop,18.0787643,53.0953624
Wojska Polskiego / Petersona,bus_stop,18.0792096,53.0950886
Hutnicza / Eberhardta (NŻ),bus_stop,18.1024308,53.0935676
Hutnicza / Eberhardta (NŻ),bus_stop,18.1024917,53.0932307
Wulffa / Eberhardta,bus_stop,18.0869129,53.0921958
Wulffa / Eberhardta,bus_stop,18.0874922,53.0920154
Kamienna / Gdańska,bus_stop,18.016249,53.1372299
Kamienna / Gdańska,bus_stop,18.0162722,53.1372747
Kamienna / Gdańska,bus_stop,18.0165833,53.137016
Wilczak,bus_stop,17.9564266,53.1295245
Wilczak,bus_stop,17.9572156,53.1293762
Toruńska / Żupy,bus_stop,18.0226496,53.1183852
Rondo Toruńskie,bus_stop,18.0318039,53.1172431
Jagiellońska - Łużycka,bus_stop,18.0267867,53.1221606
Jagiellońska / Łużycka,bus_stop,18.0278643,53.1218049
Jagiellońska - Łużycka,bus_stop,18.0277687,53.121777
Dworzec Wschód,bus_stop,18.0834719,53.127192
Akademicka / Rejewskiego,bus_stop,18.1089804,53.1422971
Akademicka / Romanowskiej,bus_stop,18.1167076,53.1444011
Romanowskiej / Akademicka,bus_stop,18.116929,53.1454553
Akademicka / Romanowskiej,bus_stop,18.1185082,53.14466
Przylesie P+R,bus_stop,18.1223579,53.1459225
Przylesie P+R,bus_stop,18.1230466,53.146882
Przylesie P+R,bus_stop,18.1235039,53.1470379
Przylesie P+R,bus_stop,18.1243319,53.1469422
Przylesie P+R,bus_stop,18.1245421,53.1462341
Andersa / Kleeberga,bus_stop,18.1446584,53.1503181
Kleeberga / Andersa,bus_stop,18.1448839,53.150958
Bajka,bus_stop,18.1544231,53.1513139
Andersa / Wolna,bus_stop,18.1637165,53.158086
Andersa / Wolna,bus_stop,18.1633661,53.1577475
Niepodległości (pętla),bus_stop,18.1696096,53.1608946
Andersa / Gieryna,bus_stop,18.1710229,53.1654155
Andersa / Gieryna,bus_stop,18.1713039,53.1665855
Łoskoń,bus_stop,18.1731536,53.1727444
Łoskoń,bus_stop,18.1732479,53.1729852
Łoskoń / Zajezdnia,bus_stop,18.1721494,53.1760754
Toruńska / Kazimierza Wlk.,bus_stop,18.0573196,53.1154226
Kielecka / Toruńska,bus_stop,18.0843083,53.1178231
Toruńska / Stomil (brama),bus_stop,18.0937512,53.116992
Toruńska / Stomil (brama),bus_stop,18.0945048,53.116832
UKW,bus_stop,18.0203979,53.1316925
UKW,bus_stop,18.0202798,53.1318574
Chodkiewicza / Gdańska,bus_stop,18.0128636,53.1343456
Kamienna / Sułkowskiego,bus_stop,18.0250919,53.1359367
Rondo Maczka P+R,bus_stop,17.9659685,53.1369091
Schulza / Szubińska,bus_stop,17.9587685,53.1151524
Dworzec Błonie,bus_stop,17.9532935,53.119016
Bielicka / Solskiego,bus_stop,17.991532,53.1128852
Pileckiego / Żeglarska,bus_stop,17.9763592,53.1383444
Artyleryjska / Zaświat,bus_stop,18.0021622,53.1393422
Artyleryjska / Zaświat,bus_stop,18.004063,53.1392414
Plac Piastowski,bus_stop,17.9992282,53.1320584
Śniadeckich / Sienkiewicza,bus_stop,18.0000498,53.130568
Leśne,bus_stop,18.0326269,53.1422273
Dachtery / Chemiczna (NŻ),bus_stop,18.0806692,53.1067651
Kielecka / Smoleńska (NŻ),bus_stop,18.082903,53.1135026
Kielecka / Smoleńska (NŻ),bus_stop,18.0828922,53.1138697
Wyzwolenia / Geodetów,bus_stop,18.16407,53.1738496
Geodetów / Wyzwolenia,bus_stop,18.1650652,53.1740168
Geodetów / Pienińska,bus_stop,18.1696053,53.1737975
Jagiellońska / Łużycka,bus_stop,18.0267622,53.1221136
Murowaniec,bus_stop,17.8537412,53.0937462
Ciele / Makowa,bus_stop,17.9001162,53.0735651
Łukasiewicza [końcowy],bus_stop,18.0555397,53.1064438
Chodkiewicza / Paderewskiego,bus_stop,18.016803,53.1330086
Wyzwolenia / Swobodna,bus_stop,18.1665012,53.1592511
Tor Regatowy [końcowy],bus_stop,18.1279073,53.1276832
Rondo Toruńskie,bus_stop,18.0317976,53.1173096
,bus_stop,18.0243867,53.1464767
,bus_stop,18.0232793,53.1451045
Zbożowy rynek,bus_stop,18.0054707,53.1198429
Babia Wieś,bus_stop,18.0151511,53.119339
Babia Wieś,bus_stop,18.0153817,53.1192414
Toruńska / Żupy,bus_stop,18.0227334,53.1184224
Toruńska / Żupy,bus_stop,18.0229286,53.1182252
Fordońska / Gajowa,bus_stop,18.0402069,53.1210004
Wyścigowa,bus_stop,18.077044,53.1252925
Dworzec Wschód,bus_stop,18.0834569,53.1272725
,bus_stop,18.1089878,53.1423686
Akademicka - Rejewskiego,bus_stop,18.1110836,53.1425463
Romanowskiej / Akademicka,bus_stop,18.1169857,53.1454509
Przylesie P+R,bus_stop,18.1234464,53.1470262
Akademicka / Kaliskiego,bus_stop,18.1305012,53.1478023
Akademicka / Igrzyskowa,bus_stop,18.136446,53.1490234
Andersa - Kleeberga,bus_stop,18.1461352,53.150881
Bajka,bus_stop,18.1526264,53.1517334
,bus_stop,18.1604302,53.153796
Kasztelańska - Andersa,bus_stop,18.1617916,53.1537423
Andersa - Kasztelańska,bus_stop,18.1615432,53.1544921
Andersa - Gieryna,bus_stop,18.1709564,53.1654196
,bus_stop,18.1714193,53.1665719
Andersa - Wolna,bus_stop,18.1634229,53.1576857
Andersa - Wolna,bus_stop,18.1635715,53.1581139
Niepodległości,bus_stop,18.1649981,53.1594524
Niepodległości,bus_stop,18.1664053,53.1602024
,bus_stop,18.1665564,53.1592483
,bus_stop,18.1730531,53.1727831
,bus_stop,18.1733649,53.172964
Łoskoń,bus_stop,18.1746694,53.1731322
Łoskoń,bus_stop,18.1745968,53.1728483
,bus_stop,18.0448006,53.1022734
Rycerska,bus_stop,17.9994576,53.137274
,bus_stop,18.0572954,53.1154751
(Nieczynny) Kazimierza Wielkiego / Toruńska,bus_stop,18.0577759,53.1162353
(Nieczynny) Kazimierza Wielkiego / Toruńska,bus_stop,18.0581607,53.1166227
,bus_stop,18.0592641,53.1154
,bus_stop,18.0581446,53.115067
Toruńska / Zajezdnia Tramwajowa,bus_stop,18.0637051,53.1159933
,bus_stop,18.0642717,53.1160355
Toruńska / Równa,bus_stop,18.0746875,53.1178125
,bus_stop,18.0768434,53.1178323
,bus_stop,18.0823747,53.1180455
Toruńska / Kielecka,bus_stop,18.084727,53.1181975
,bus_stop,18.0843605,53.1178238
Sporna / Toruńska,bus_stop,18.087327,53.1194095
Toruńska / Sporna,bus_stop,18.0876575,53.1181884
Toruńska / Stomil (brama),bus_stop,18.0937676,53.1170197
Toruńska / Stomil (brama),bus_stop,18.094495,53.1168041
Baczyńskiego / Wojska Polskiego,bus_stop,18.0576681,53.1042816
Wojska Polskiego / Prezydenta Lecha Kaczyńskiego,bus_stop,18.0515919,53.105699
Wojska Polskiego / Prezydenta Lecha Kaczyńskiego,bus_stop,18.0504277,53.105707
Glinki [końcowy],bus_stop,18.0393109,53.0984068
Glinki [końcowy],bus_stop,18.0393389,53.0983997
Glinki,bus_stop,18.038876,53.0983545
Glinki,bus_stop,18.0388494,53.0983207
Niepodległości (Pętla),bus_stop,18.1695467,53.1608391
,bus_stop,18.18516,53.0608992
Rudy,bus_stop,18.1816014,53.0615314
Wyzwolenia / Geodetów,bus_stop,18.1643187,53.1744003
Jarużyn / Krakowska (NŻ),bus_stop,18.1543339,53.1914397
Strzelce Dolne III (NŻ),bus_stop,18.175819,53.1981326
Wyzwolenia / Brzegowa (NŻ),bus_stop,18.1706303,53.1815863
Taxi,bus_stop,17.9981491,53.1314946
Łoskoń,bus_stop,18.1719849,53.1735366
Witebska / Gazbud (NŻ),bus_stop,18.1200592,53.1211205
Witebska / Gazbud (NŻ),bus_stop,18.1201826,53.1211254
Przemysłowa / Przejazd (NŻ),bus_stop,18.1148852,53.1211817
Przemysłowa / Przejazd (NŻ),bus_stop,18.1150381,53.1210368
Dworzec Kolejowy,bus_stop,18.2248583,53.0786208
Dworzec Kolejowy,bus_stop,18.2253799,53.0787652
Plac Jana Pawła II,bus_stop,18.2266674,53.0835505
Plac Jana Pawła II,bus_stop,18.2259755,53.083636
Piotra Skargi,bus_stop,18.2151966,53.0841407
Piotra Skargi,bus_stop,18.2158678,53.0837937
Otorowo,bus_stop,18.1857378,53.0821105
Leśna - Apteka,bus_stop,18.2216202,53.0764209
Leśna-Skrzyżowanie,bus_stop,18.2158237,53.0632658
Osiedle,bus_stop,18.2449347,53.0822308
Kruszyn Krajeński / Świerkowa,bus_stop,17.8651508,53.0742247
,bus_stop,17.8651395,53.0735297
Kasztelańska / Andersa,bus_stop,18.1618486,53.1538126
,bus_stop,17.8629816,53.1859802
Matki Teresy z Kalkuty / Rydygiera,bus_stop,18.109536,53.1515422
Matki Teresy z Kalkuty / Rydygiera,bus_stop,18.1102443,53.1525738
Trybowskiego / Majtkowskiego,bus_stop,18.1029422,53.1546708
Trybowskiego / Jasiniecka,bus_stop,18.0981991,53.1552565
Matki Teresy z Kalkuty / Romanowskiej,bus_stop,18.1091241,53.1471515
Matki Teresy z Kalkuty / Romanowskiej,bus_stop,18.1090042,53.1462547
Jasiniecka / Pod Skarpą,bus_stop,18.0983092,53.1576947
Osielsko,bus_stop,18.0725158,53.1885862
Osielsko / Wybudowanie,bus_stop,18.0827781,53.1979912
Osielsko Wybudowanie,bus_stop,18.0804378,53.1970763
aleja Żołnierzy Wyklętych / Ciele,bus_stop,17.9209772,53.0730941
Trybowskiego / Majtkowskiego,bus_stop,18.1042728,53.1546055
Trybowskiego / Matki Teresy z Kalkuty,bus_stop,18.1078493,53.1540073
,bus_stop,18.170734,53.0832984
,bus_stop,18.1691326,53.0833652
,bus_stop,17.9169887,53.0707414
Wzgórze Wolności,bus_stop,18.0161618,53.1140559
Trasa Uniwersytecka / Ujejskiego,bus_stop,18.0165686,53.1122259
Pod Skarpą / Przemysła II,bus_stop,18.0919688,53.1603773
Pod Skarpą / Przemysła II,bus_stop,18.0922516,53.1601205
Czarnówczyn,bus_stop,18.0888467,53.1695
Czarnówczyn,bus_stop,18.088832,53.1678028
Osielsko / Gryczana,bus_stop,18.0878017,53.1741083
Osielsko / Gryczana,bus_stop,18.0879204,53.1750688
Osielsko / Cisowa,bus_stop,18.0840844,53.1802071
Osielsko / Cisowa,bus_stop,18.0846276,53.179303
Osielsko / Lipowa,bus_stop,18.0836993,53.1848835
Osielsko / Gwiaździsta,bus_stop,18.0683359,53.1914176
Osielsko / Gwiaździsta,bus_stop,18.0682464,53.1913462
Jasiniecka / Trybowskiego,bus_stop,18.0978706,53.1556697
Trybowskiego / Matki Teresy z Kalkuty,bus_stop,18.1087958,53.1539855
Zamczysko / Pętla,bus_stop,18.0794885,53.1601724
Stanowisko 4,bus_stop,18.0169876,53.1224949
Stanowisko 2,bus_stop,18.0169549,53.1221957
Stanowisko 1,bus_stop,18.0169479,53.1220304
Stanowisko 5,bus_stop,18.0167458,53.1220396
Stanowisko 6,bus_stop,18.0167597,53.1222056
Stanowisko 7,bus_stop,18.0167828,53.1223614
Stanowisko 8,bus_stop,18.0167959,53.1225019
Stanowisko 11,bus_stop,18.0166216,53.1225024
Stanowisko 10,bus_stop,18.0165997,53.1222874
Stanowisko 9,bus_stop,18.0165668,53.12204
Stanowisko 16,bus_stop,18.0170865,53.1218054
Stanowisko 17,bus_stop,18.0172629,53.1217971
Stanowisko 18,bus_stop,18.0174701,53.1217874
Stanowisko 19,bus_stop,18.0176634,53.1217791
,bus_stop,18.0558293,53.0916095
Toruńska / Żupy,bus_stop,18.0230531,53.1182509
Magnuszewska,bus_stop,18.0274754,53.103879
,bus_stop,17.8724659,53.1784062
,bus_stop,17.8704358,53.1800296
,bus_stop,17.8623557,53.1864801
Trasa Uniwersytecka / Ujejskiego,bus_stop,18.0160738,53.1111555
Kościołowa,bus_stop,17.997874,53.1220567
Bronikowskiego / Śluzowa,bus_stop,17.9599936,53.1345017
Bronikowskiego / Śluzowa,bus_stop,17.9567223,53.1341683
Szarych Szeregów,bus_stop,18.0435603,53.108062
Łochowo / Szosa Bydgoska / Kwiatowa,bus_stop,17.8521614,53.1260552
Łochowo / Szosa Bydgoska / Kasztanowa,bus_stop,17.8546393,53.1270852
Las Gdański P+R,bus_stop,18.0271972,53.1492658
,bus_stop,17.904467,53.1520855
,bus_stop,17.9056004,53.1515799
Królowej Jadwigi / Astoria,bus_stop,17.9936945,53.1306867
Plac Poznański,bus_stop,17.9862449,53.1207554
Rondo Grunwaldzkie,bus_stop,17.985822,53.1246273
Gdańska / Las (NŻ),bus_stop,18.0328815,53.1549419
Stanowisko 3,bus_stop,18.0175955,53.1228224
Grudziądzka / Urząd Miasta P+R,bus_stop,17.9926916,53.1210948
Park Przemysłowy / Trzecia,bus_stop,18.0781316,53.0888969
Park Przemysłowy / Michałowskiego,bus_stop,18.07715,53.0856415
Park Przemysłowy / Frankego,bus_stop,18.0668204,53.0900417
Park Przemysłowy / Falkowskiego,bus_stop,18.0659886,53.0869998
Zbożowy Rynek,bus_stop,18.0060291,53.1198532
Stanowisko 3,bus_stop,18.0169787,53.1223542
Myślęcinek,bus_stop,18.0396022,53.161469
Chmurna / Nad Torem,bus_stop,17.9600986,53.1507082
Siedlecka / Chmielna,bus_stop,17.9605192,53.1532847
Siedlecka / Łubinowa,bus_stop,17.9583076,53.1575924
Siedlecka / Wodociągi (NŻ),bus_stop,17.9565886,53.1606072
,bus_stop,18.2162266,53.0821165
Kruszyn Krajeński / Mroźna,bus_stop,17.8741751,53.0656991
Kruszyn Krajeński / Zbożowa,bus_stop,17.8804799,53.0646252
Niwy / Bocheńska,bus_stop,18.1004992,53.1966668
Niwy / Bocheńska,bus_stop,18.0998947,53.1959488
Pelplińska / Targowisko,bus_stop,18.1566065,53.1591962
Pelplińska / Targowisko,bus_stop,18.1563256,53.1589147
Trzciniec / Sarnia,bus_stop,17.9469326,53.0869024
Fordońska / Bałtycka,bus_stop,18.0478319,53.1207468
,bus_stop,18.1542312,53.1922791
Glinki / Polon,bus_stop,18.0456255,53.0944362
,bus_stop,18.1873661,53.1350387
,bus_stop,18.1864387,53.1353249
Osielsko / Kolonijna,bus_stop,18.0704177,53.1898242
Osielsko / Kolonijna,bus_stop,18.0704597,53.1896223
Osielsko / Jana Pawła II,bus_stop,18.0754851,53.1963726
Osielsko / Jana Pawła II,bus_stop,18.0746335,53.1959614
Osielsko / Leśna,bus_stop,18.0836534,53.1857525
,bus_stop,18.0623893,53.1792695
Osielsko / Kąty,bus_stop,18.0720658,53.1998373
Osielsko / Kąty,bus_stop,18.0728807,53.1991591
Armii Krajowej / Jeździecka,bus_stop,18.0527832,53.1719554
Gdańska / Jeździecka,bus_stop,18.0516363,53.1716316
Gdańska / Cieszkowskiego,bus_stop,18.0079618,53.1300513
Park Przemysłowy / Frankego,bus_stop,18.0665515,53.0894819
Park Przemysłowy / Falkowskiego,bus_stop,18.0657347,53.0868525
Park Przemysłowy / Michałowskiego,bus_stop,18.0769906,53.0857191
Park Przemysłowy / Trzecia,bus_stop,18.0779696,53.0889233
Szczerby / Chemiczna,bus_stop,18.0958486,53.1063036
Lisi Ogon / Potulicka / Dworska,bus_stop,17.8772786,53.1270557
Lisi Ogon / Potulicka / Szlachecka,bus_stop,17.8763906,53.127141
Lisi Ogon / Potulicka32 / Hubertusa,bus_stop,17.8632284,53.1283706
Lisi Ogon / Potulicka / Wyczynowa,bus_stop,17.8645878,53.1283101
Mazowiecka / Pomorska,bus_stop,18.0045459,53.1327064
Filtrowa / Grunwaldzka,bus_stop,17.9493893,53.139932
Wyzwolenia / Brzegowa (NŻ),bus_stop,18.1709206,53.1819112
Strzelce Dolne III (NŻ),bus_stop,18.1757729,53.197082
,bus_stop,18.1558442,53.1995771
Myślęcinek,bus_stop,18.0399375,53.1614521
Rondo Kujawskie P+R,bus_stop,18.0073603,53.1135787
Rondo Kujawskie P+R,bus_stop,18.0092917,53.1144519
Rondo Kujawskie P+R,bus_stop,18.0085222,53.112231
Nakielska / Stawowa,bus_stop,17.9761677,53.1263008
Rondo Kujawskie P+R,bus_stop,18.007872,53.1153138
Chemiczna / Ogrodnictwo II,bus_stop,18.0737064,53.108756
Orlicza / Nad Torem,bus_stop,17.9611759,53.1409538
Rondo Grunwaldzkie,bus_stop,17.9861272,53.1266987
Schulza / Szubińska,bus_stop,17.9589278,53.1151638
Rondo Kujawskie P+R,bus_stop,18.0062978,53.1146411
Szarych Szeregów,bus_stop,18.0476607,53.1074388
Władysława IV / Stawowa,bus_stop,17.9629301,53.1207141
Dworzec Politechnika,bus_stop,18.1360797,53.139019
Akademicka / Kaliskiego,bus_stop,18.1284085,53.1476776
Niepodległości,bus_stop,18.1663964,53.1591249
Orląt Lwowskich,bus_stop,18.1634282,53.1637527
Orląt Lwowskich,bus_stop,18.1632301,53.1636073
Hutnicza / Świetlicowa (NŻ),bus_stop,18.1044175,53.0978569
Kapuściska,bus_stop,18.0627761,53.1016631
Hutnicza / Świetlicowa (NŻ),bus_stop,18.1042266,53.0977915
Park Przemysłowy / Biurowiec,bus_stop,18.0676808,53.0941761
Nad Torem / Chmurna,bus_stop,17.9597969,53.1501494
Dworzec Leśne,bus_stop,18.032787,53.1426803
Dworzec Leśne,bus_stop,18.0328984,53.1426869
Dworzec Leśne,bus_stop,18.0321187,53.143225
Fredry / Warszawska,bus_stop,17.9966934,53.1328279
Garbary,bus_stop,17.9914924,53.1265245
Eskulapa,bus_stop,18.1108024,53.1560028
Dworzec Wschód,bus_stop,18.0867587,53.1264633
Garbary,bus_stop,17.9913709,53.1267727
Smoleńska / Pińczowska,bus_stop,18.0924296,53.1121776
Siedlecka / Wodociągi,bus_stop,17.9570183,53.1602382
Siedlecka / Chmielna,bus_stop,17.9606013,53.1529543
Siedlecka / Łubinowa,bus_stop,17.9584128,53.1579756
Kruszyn Krajeński / Jarzębinowa,bus_stop,17.8652662,53.0689873
Kruszyn Krajeński / Ogrodowa,bus_stop,17.8648229,53.0800044
Kruszyn Krajeński / Kwiatowa,bus_stop,17.8697189,53.0819387
Kruszyn Krajeński / Słoneczna 24,bus_stop,17.8896405,53.0836816
Białe Błota / Konarowa,bus_stop,17.8995303,53.0863187
Osielsko / Dzikiej Gęsi,bus_stop,18.063137,53.1836633
Osielsko / Dzikiej Gęsi,bus_stop,18.0621046,53.183124
Most Kazimierza Wielkiego,bus_stop,18.056969,53.1214072
Bełzy / Szarych Szeregów (nieczynny),bus_stop,18.0441213,53.109914
Bełzy / Szarych Szeregów (nieczynny),bus_stop,18.0439959,53.1094625
Spokojna (nieczynny),bus_stop,18.0428344,53.1142758
Rondo Toruńskie,bus_stop,18.0317771,53.1171469
Hala Łuczniczka,bus_stop,18.0257982,53.1190458
Rondo Toruńskie (Bełzy) (nieczynny),bus_stop,18.0357885,53.1161149
Bełzy / Spokojna (nieczynny),bus_stop,18.0413735,53.1136611
Drzewce Pętla,bus_stop,17.8566791,53.1095335
Zielonka / Kielecka,bus_stop,17.9419929,53.059335
Zielonka / Kielecka,bus_stop,17.9413697,53.0588227
Zielonka / Biedronki,bus_stop,17.9387999,53.0558804
Zielonka / Biedronki,bus_stop,17.9386613,53.0554164
Zielonka / Stokrotki Polnej,bus_stop,17.9448219,53.0538688
Zielonka / Stokrotki Polnej,bus_stop,17.9458645,53.0536211
Zielonka / Jodłowa,bus_stop,17.9531245,53.0515796
Zielonka / Jodłowa,bus_stop,17.9528244,53.052556
Fordońska / Bałtycka,bus_stop,18.0479117,53.1208245
Osielsko / Wybudowanie,bus_stop,18.0804242,53.1970736
Osielsko Wybudowanie,bus_stop,18.0827474,53.1979754
Ciele / Gęsia,bus_stop,17.8995346,53.066644
Ciele / Myśliwska,bus_stop,17.9165779,53.0704697
Ciele / Myśliwska,bus_stop,17.916452,53.0701913
Zielonka / Bocianowo,bus_stop,17.942215,53.0626852
Kruszyn Krajeński / Mroźna,bus_stop,17.873552,53.0659308
Łęgnowo,bus_stop,18.1047878,53.0998835
Łęgnowo,bus_stop,18.1048602,53.099373
Łęgnowo,bus_stop,18.1047338,53.0987107
Plac Teatralny,bus_stop,18.0002775,53.1244205
,bus_stop,17.9451804,53.0850052
,bus_stop,18.245911,53.1030496
,bus_stop,18.246718,53.1029618
,bus_stop,18.1063988,53.0999032
Nad Torem / Chmurna,bus_stop,17.95977279148877,53.15017372409516
Matki Teresy z Kalkuty / Akademicka,bus_stop,18.1098276,53.143093199999996
Gdańska / Las (NŻ),bus_stop,18.033561249999998,53.1552332
Nad Torem / Chmurna,bus_stop,17.959772777062106,53.150173729501574
